-- =============================================================================
-- CareTrack LMS — FULL DATABASE SCRIPT (schema + data)
-- Generated: 2026-07-07 11:03:21
-- Tables: 52 (schema + all row data)
--
-- Restore:
--   1. CREATE DATABASE your_db;
--   2. psql -U postgres -d your_db -f caretrack_full.sql
--
-- Or use: .\database\restore_database.ps1 -DatabaseName your_db
-- =============================================================================
CREATE TABLE IF NOT EXISTS "__EFMigrationsHistory" (
    "MigrationId" character varying(150) NOT NULL,
    "ProductVersion" character varying(32) NOT NULL,
    CONSTRAINT "PK___EFMigrationsHistory" PRIMARY KEY ("MigrationId")
);

START TRANSACTION;

DO $EF$
BEGIN
    IF NOT EXISTS(SELECT 1 FROM "__EFMigrationsHistory" WHERE "MigrationId" = '20260705061153_InitialCreate') THEN
    CREATE TABLE "AspNetRoles" (
        "Id" text NOT NULL,
        "Name" character varying(256),
        "NormalizedName" character varying(256),
        "ConcurrencyStamp" text,
        CONSTRAINT "PK_AspNetRoles" PRIMARY KEY ("Id")
    );
    END IF;
END $EF$;

DO $EF$
BEGIN
    IF NOT EXISTS(SELECT 1 FROM "__EFMigrationsHistory" WHERE "MigrationId" = '20260705061153_InitialCreate') THEN
    CREATE TABLE "AspNetUsers" (
        "Id" text NOT NULL,
        "FirstName" text NOT NULL,
        "LastName" text NOT NULL,
        "Role" integer NOT NULL,
        "UniversityId" uuid,
        "CohortId" uuid,
        "StudentId" uuid,
        "Status" integer NOT NULL,
        "InviteToken" text,
        "InviteTokenExpiry" timestamp with time zone,
        "UserName" character varying(256),
        "NormalizedUserName" character varying(256),
        "Email" character varying(256),
        "NormalizedEmail" character varying(256),
        "EmailConfirmed" boolean NOT NULL,
        "PasswordHash" text,
        "SecurityStamp" text,
        "ConcurrencyStamp" text,
        "PhoneNumber" text,
        "PhoneNumberConfirmed" boolean NOT NULL,
        "TwoFactorEnabled" boolean NOT NULL,
        "LockoutEnd" timestamp with time zone,
        "LockoutEnabled" boolean NOT NULL,
        "AccessFailedCount" integer NOT NULL,
        CONSTRAINT "PK_AspNetUsers" PRIMARY KEY ("Id")
    );
    END IF;
END $EF$;

DO $EF$
BEGIN
    IF NOT EXISTS(SELECT 1 FROM "__EFMigrationsHistory" WHERE "MigrationId" = '20260705061153_InitialCreate') THEN
    CREATE TABLE "Programmes" (
        "Id" uuid NOT NULL,
        "Name" character varying(200) NOT NULL,
        "Code" character varying(50) NOT NULL,
        "Description" text NOT NULL,
        "DurationYears" integer NOT NULL,
        "CreatedAt" timestamp with time zone NOT NULL,
        "UpdatedAt" timestamp with time zone,
        CONSTRAINT "PK_Programmes" PRIMARY KEY ("Id")
    );
    END IF;
END $EF$;

DO $EF$
BEGIN
    IF NOT EXISTS(SELECT 1 FROM "__EFMigrationsHistory" WHERE "MigrationId" = '20260705061153_InitialCreate') THEN
    CREATE TABLE "Students" (
        "Id" uuid NOT NULL,
        "UserId" text NOT NULL,
        "FirstName" text NOT NULL,
        "LastName" text NOT NULL,
        "CreatedAt" timestamp with time zone NOT NULL,
        "UpdatedAt" timestamp with time zone,
        CONSTRAINT "PK_Students" PRIMARY KEY ("Id")
    );
    END IF;
END $EF$;

DO $EF$
BEGIN
    IF NOT EXISTS(SELECT 1 FROM "__EFMigrationsHistory" WHERE "MigrationId" = '20260705061153_InitialCreate') THEN
    CREATE TABLE "Universities" (
        "Id" uuid NOT NULL,
        "Name" character varying(200) NOT NULL,
        "Domain" character varying(100) NOT NULL,
        "IsActive" boolean NOT NULL,
        "CreatedAt" timestamp with time zone NOT NULL,
        "UpdatedAt" timestamp with time zone,
        CONSTRAINT "PK_Universities" PRIMARY KEY ("Id")
    );
    END IF;
END $EF$;

DO $EF$
BEGIN
    IF NOT EXISTS(SELECT 1 FROM "__EFMigrationsHistory" WHERE "MigrationId" = '20260705061153_InitialCreate') THEN
    CREATE TABLE "AspNetRoleClaims" (
        "Id" integer GENERATED BY DEFAULT AS IDENTITY,
        "RoleId" text NOT NULL,
        "ClaimType" text,
        "ClaimValue" text,
        CONSTRAINT "PK_AspNetRoleClaims" PRIMARY KEY ("Id"),
        CONSTRAINT "FK_AspNetRoleClaims_AspNetRoles_RoleId" FOREIGN KEY ("RoleId") REFERENCES "AspNetRoles" ("Id") ON DELETE CASCADE
    );
    END IF;
END $EF$;

DO $EF$
BEGIN
    IF NOT EXISTS(SELECT 1 FROM "__EFMigrationsHistory" WHERE "MigrationId" = '20260705061153_InitialCreate') THEN
    CREATE TABLE "AspNetUserClaims" (
        "Id" integer GENERATED BY DEFAULT AS IDENTITY,
        "UserId" text NOT NULL,
        "ClaimType" text,
        "ClaimValue" text,
        CONSTRAINT "PK_AspNetUserClaims" PRIMARY KEY ("Id"),
        CONSTRAINT "FK_AspNetUserClaims_AspNetUsers_UserId" FOREIGN KEY ("UserId") REFERENCES "AspNetUsers" ("Id") ON DELETE CASCADE
    );
    END IF;
END $EF$;

DO $EF$
BEGIN
    IF NOT EXISTS(SELECT 1 FROM "__EFMigrationsHistory" WHERE "MigrationId" = '20260705061153_InitialCreate') THEN
    CREATE TABLE "AspNetUserLogins" (
        "LoginProvider" text NOT NULL,
        "ProviderKey" text NOT NULL,
        "ProviderDisplayName" text,
        "UserId" text NOT NULL,
        CONSTRAINT "PK_AspNetUserLogins" PRIMARY KEY ("LoginProvider", "ProviderKey"),
        CONSTRAINT "FK_AspNetUserLogins_AspNetUsers_UserId" FOREIGN KEY ("UserId") REFERENCES "AspNetUsers" ("Id") ON DELETE CASCADE
    );
    END IF;
END $EF$;

DO $EF$
BEGIN
    IF NOT EXISTS(SELECT 1 FROM "__EFMigrationsHistory" WHERE "MigrationId" = '20260705061153_InitialCreate') THEN
    CREATE TABLE "AspNetUserRoles" (
        "UserId" text NOT NULL,
        "RoleId" text NOT NULL,
        CONSTRAINT "PK_AspNetUserRoles" PRIMARY KEY ("UserId", "RoleId"),
        CONSTRAINT "FK_AspNetUserRoles_AspNetRoles_RoleId" FOREIGN KEY ("RoleId") REFERENCES "AspNetRoles" ("Id") ON DELETE CASCADE,
        CONSTRAINT "FK_AspNetUserRoles_AspNetUsers_UserId" FOREIGN KEY ("UserId") REFERENCES "AspNetUsers" ("Id") ON DELETE CASCADE
    );
    END IF;
END $EF$;

DO $EF$
BEGIN
    IF NOT EXISTS(SELECT 1 FROM "__EFMigrationsHistory" WHERE "MigrationId" = '20260705061153_InitialCreate') THEN
    CREATE TABLE "AspNetUserTokens" (
        "UserId" text NOT NULL,
        "LoginProvider" text NOT NULL,
        "Name" text NOT NULL,
        "Value" text,
        CONSTRAINT "PK_AspNetUserTokens" PRIMARY KEY ("UserId", "LoginProvider", "Name"),
        CONSTRAINT "FK_AspNetUserTokens_AspNetUsers_UserId" FOREIGN KEY ("UserId") REFERENCES "AspNetUsers" ("Id") ON DELETE CASCADE
    );
    END IF;
END $EF$;

DO $EF$
BEGIN
    IF NOT EXISTS(SELECT 1 FROM "__EFMigrationsHistory" WHERE "MigrationId" = '20260705061153_InitialCreate') THEN
    CREATE TABLE "ProgrammeYears" (
        "Id" uuid NOT NULL,
        "ProgrammeId" uuid NOT NULL,
        "YearNumber" integer NOT NULL,
        "Name" text NOT NULL,
        "CreatedAt" timestamp with time zone NOT NULL,
        "UpdatedAt" timestamp with time zone,
        CONSTRAINT "PK_ProgrammeYears" PRIMARY KEY ("Id"),
        CONSTRAINT "FK_ProgrammeYears_Programmes_ProgrammeId" FOREIGN KEY ("ProgrammeId") REFERENCES "Programmes" ("Id") ON DELETE CASCADE
    );
    END IF;
END $EF$;

DO $EF$
BEGIN
    IF NOT EXISTS(SELECT 1 FROM "__EFMigrationsHistory" WHERE "MigrationId" = '20260705061153_InitialCreate') THEN
    CREATE TABLE "Certificates" (
        "Id" uuid NOT NULL,
        "StudentId" uuid NOT NULL,
        "ProgrammeId" uuid NOT NULL,
        "CertificateNumber" text NOT NULL,
        "IssuedAt" timestamp with time zone NOT NULL,
        "PdfBlobUrl" text,
        "CreatedAt" timestamp with time zone NOT NULL,
        "UpdatedAt" timestamp with time zone,
        CONSTRAINT "PK_Certificates" PRIMARY KEY ("Id"),
        CONSTRAINT "FK_Certificates_Programmes_ProgrammeId" FOREIGN KEY ("ProgrammeId") REFERENCES "Programmes" ("Id") ON DELETE CASCADE,
        CONSTRAINT "FK_Certificates_Students_StudentId" FOREIGN KEY ("StudentId") REFERENCES "Students" ("Id") ON DELETE CASCADE
    );
    END IF;
END $EF$;

DO $EF$
BEGIN
    IF NOT EXISTS(SELECT 1 FROM "__EFMigrationsHistory" WHERE "MigrationId" = '20260705061153_InitialCreate') THEN
    CREATE TABLE "Cohorts" (
        "Id" uuid NOT NULL,
        "UniversityId" uuid NOT NULL,
        "ProgrammeId" uuid NOT NULL,
        "Name" text NOT NULL,
        "IntakeYear" integer NOT NULL,
        "CurrentYear" integer NOT NULL,
        "CurrentSemester" integer NOT NULL,
        "IsActive" boolean NOT NULL,
        "CreatedAt" timestamp with time zone NOT NULL,
        "UpdatedAt" timestamp with time zone,
        CONSTRAINT "PK_Cohorts" PRIMARY KEY ("Id"),
        CONSTRAINT "FK_Cohorts_Programmes_ProgrammeId" FOREIGN KEY ("ProgrammeId") REFERENCES "Programmes" ("Id") ON DELETE CASCADE,
        CONSTRAINT "FK_Cohorts_Universities_UniversityId" FOREIGN KEY ("UniversityId") REFERENCES "Universities" ("Id") ON DELETE CASCADE
    );
    END IF;
END $EF$;

DO $EF$
BEGIN
    IF NOT EXISTS(SELECT 1 FROM "__EFMigrationsHistory" WHERE "MigrationId" = '20260705061153_InitialCreate') THEN
    CREATE TABLE "UniversityProgrammes" (
        "Id" uuid NOT NULL,
        "UniversityId" uuid NOT NULL,
        "ProgrammeId" uuid NOT NULL,
        "CreatedAt" timestamp with time zone NOT NULL,
        "UpdatedAt" timestamp with time zone,
        CONSTRAINT "PK_UniversityProgrammes" PRIMARY KEY ("Id"),
        CONSTRAINT "FK_UniversityProgrammes_Programmes_ProgrammeId" FOREIGN KEY ("ProgrammeId") REFERENCES "Programmes" ("Id") ON DELETE CASCADE,
        CONSTRAINT "FK_UniversityProgrammes_Universities_UniversityId" FOREIGN KEY ("UniversityId") REFERENCES "Universities" ("Id") ON DELETE CASCADE
    );
    END IF;
END $EF$;

DO $EF$
BEGIN
    IF NOT EXISTS(SELECT 1 FROM "__EFMigrationsHistory" WHERE "MigrationId" = '20260705061153_InitialCreate') THEN
    CREATE TABLE "Semesters" (
        "Id" uuid NOT NULL,
        "ProgrammeYearId" uuid NOT NULL,
        "SemesterNumber" integer NOT NULL,
        "Name" text NOT NULL,
        "CreatedAt" timestamp with time zone NOT NULL,
        "UpdatedAt" timestamp with time zone,
        CONSTRAINT "PK_Semesters" PRIMARY KEY ("Id"),
        CONSTRAINT "FK_Semesters_ProgrammeYears_ProgrammeYearId" FOREIGN KEY ("ProgrammeYearId") REFERENCES "ProgrammeYears" ("Id") ON DELETE CASCADE
    );
    END IF;
END $EF$;

DO $EF$
BEGIN
    IF NOT EXISTS(SELECT 1 FROM "__EFMigrationsHistory" WHERE "MigrationId" = '20260705061153_InitialCreate') THEN
    CREATE TABLE "StudentEnrolments" (
        "Id" uuid NOT NULL,
        "UniversityId" uuid NOT NULL,
        "StudentId" uuid NOT NULL,
        "CohortId" uuid NOT NULL,
        "Status" integer NOT NULL,
        "ActivatedAt" timestamp with time zone,
        "CreatedAt" timestamp with time zone NOT NULL,
        "UpdatedAt" timestamp with time zone,
        CONSTRAINT "PK_StudentEnrolments" PRIMARY KEY ("Id"),
        CONSTRAINT "FK_StudentEnrolments_Cohorts_CohortId" FOREIGN KEY ("CohortId") REFERENCES "Cohorts" ("Id") ON DELETE CASCADE,
        CONSTRAINT "FK_StudentEnrolments_Students_StudentId" FOREIGN KEY ("StudentId") REFERENCES "Students" ("Id") ON DELETE CASCADE,
        CONSTRAINT "FK_StudentEnrolments_Universities_UniversityId" FOREIGN KEY ("UniversityId") REFERENCES "Universities" ("Id") ON DELETE CASCADE
    );
    END IF;
END $EF$;

DO $EF$
BEGIN
    IF NOT EXISTS(SELECT 1 FROM "__EFMigrationsHistory" WHERE "MigrationId" = '20260705061153_InitialCreate') THEN
    CREATE TABLE "Modules" (
        "Id" uuid NOT NULL,
        "SemesterId" uuid NOT NULL,
        "Title" character varying(300) NOT NULL,
        "Description" text NOT NULL,
        "SortOrder" integer NOT NULL,
        "CreatedAt" timestamp with time zone NOT NULL,
        "UpdatedAt" timestamp with time zone,
        CONSTRAINT "PK_Modules" PRIMARY KEY ("Id"),
        CONSTRAINT "FK_Modules_Semesters_SemesterId" FOREIGN KEY ("SemesterId") REFERENCES "Semesters" ("Id") ON DELETE CASCADE
    );
    END IF;
END $EF$;

DO $EF$
BEGIN
    IF NOT EXISTS(SELECT 1 FROM "__EFMigrationsHistory" WHERE "MigrationId" = '20260705061153_InitialCreate') THEN
    CREATE TABLE "Lessons" (
        "Id" uuid NOT NULL,
        "ModuleId" uuid NOT NULL,
        "Title" character varying(300) NOT NULL,
        "Description" text NOT NULL,
        "Status" integer NOT NULL,
        "SortOrder" integer NOT NULL,
        "CreatedByUserId" text,
        "DurationSeconds" integer,
        "CreatedAt" timestamp with time zone NOT NULL,
        "UpdatedAt" timestamp with time zone,
        CONSTRAINT "PK_Lessons" PRIMARY KEY ("Id"),
        CONSTRAINT "FK_Lessons_Modules_ModuleId" FOREIGN KEY ("ModuleId") REFERENCES "Modules" ("Id") ON DELETE CASCADE
    );
    END IF;
END $EF$;

DO $EF$
BEGIN
    IF NOT EXISTS(SELECT 1 FROM "__EFMigrationsHistory" WHERE "MigrationId" = '20260705061153_InitialCreate') THEN
    CREATE TABLE "ModulePrerequisites" (
        "Id" uuid NOT NULL,
        "ModuleId" uuid NOT NULL,
        "PrerequisiteModuleId" uuid NOT NULL,
        "CreatedAt" timestamp with time zone NOT NULL,
        "UpdatedAt" timestamp with time zone,
        CONSTRAINT "PK_ModulePrerequisites" PRIMARY KEY ("Id"),
        CONSTRAINT "FK_ModulePrerequisites_Modules_ModuleId" FOREIGN KEY ("ModuleId") REFERENCES "Modules" ("Id") ON DELETE RESTRICT,
        CONSTRAINT "FK_ModulePrerequisites_Modules_PrerequisiteModuleId" FOREIGN KEY ("PrerequisiteModuleId") REFERENCES "Modules" ("Id") ON DELETE RESTRICT
    );
    END IF;
END $EF$;

DO $EF$
BEGIN
    IF NOT EXISTS(SELECT 1 FROM "__EFMigrationsHistory" WHERE "MigrationId" = '20260705061153_InitialCreate') THEN
    CREATE TABLE "ModuleProgresses" (
        "Id" uuid NOT NULL,
        "StudentId" uuid NOT NULL,
        "ModuleId" uuid NOT NULL,
        "ProgressPercent" integer NOT NULL,
        "IsCompleted" boolean NOT NULL,
        "CompletedAt" timestamp with time zone,
        "CreatedAt" timestamp with time zone NOT NULL,
        "UpdatedAt" timestamp with time zone,
        CONSTRAINT "PK_ModuleProgresses" PRIMARY KEY ("Id"),
        CONSTRAINT "FK_ModuleProgresses_Modules_ModuleId" FOREIGN KEY ("ModuleId") REFERENCES "Modules" ("Id") ON DELETE CASCADE,
        CONSTRAINT "FK_ModuleProgresses_Students_StudentId" FOREIGN KEY ("StudentId") REFERENCES "Students" ("Id") ON DELETE CASCADE
    );
    END IF;
END $EF$;

DO $EF$
BEGIN
    IF NOT EXISTS(SELECT 1 FROM "__EFMigrationsHistory" WHERE "MigrationId" = '20260705061153_InitialCreate') THEN
    CREATE TABLE "OfflineAssessmentResults" (
        "Id" uuid NOT NULL,
        "StudentId" uuid NOT NULL,
        "ModuleId" uuid NOT NULL,
        "AssessmentType" text NOT NULL,
        "ScorePercent" integer NOT NULL,
        "Passed" boolean NOT NULL,
        "Notes" text,
        "EnteredByUserId" text NOT NULL,
        "CreatedAt" timestamp with time zone NOT NULL,
        "UpdatedAt" timestamp with time zone,
        CONSTRAINT "PK_OfflineAssessmentResults" PRIMARY KEY ("Id"),
        CONSTRAINT "FK_OfflineAssessmentResults_Modules_ModuleId" FOREIGN KEY ("ModuleId") REFERENCES "Modules" ("Id") ON DELETE CASCADE,
        CONSTRAINT "FK_OfflineAssessmentResults_Students_StudentId" FOREIGN KEY ("StudentId") REFERENCES "Students" ("Id") ON DELETE CASCADE
    );
    END IF;
END $EF$;

DO $EF$
BEGIN
    IF NOT EXISTS(SELECT 1 FROM "__EFMigrationsHistory" WHERE "MigrationId" = '20260705061153_InitialCreate') THEN
    CREATE TABLE "Quizzes" (
        "Id" uuid NOT NULL,
        "ModuleId" uuid NOT NULL,
        "Title" text NOT NULL,
        "PassPercentage" integer NOT NULL,
        "TimeLimitMinutes" integer NOT NULL,
        "MaxAttempts" integer NOT NULL,
        "CooldownHours" integer NOT NULL,
        "IsActive" boolean NOT NULL,
        "CreatedAt" timestamp with time zone NOT NULL,
        "UpdatedAt" timestamp with time zone,
        CONSTRAINT "PK_Quizzes" PRIMARY KEY ("Id"),
        CONSTRAINT "FK_Quizzes_Modules_ModuleId" FOREIGN KEY ("ModuleId") REFERENCES "Modules" ("Id") ON DELETE CASCADE
    );
    END IF;
END $EF$;

DO $EF$
BEGIN
    IF NOT EXISTS(SELECT 1 FROM "__EFMigrationsHistory" WHERE "MigrationId" = '20260705061153_InitialCreate') THEN
    CREATE TABLE "ContentPublications" (
        "Id" uuid NOT NULL,
        "LessonId" uuid NOT NULL,
        "UniversityId" uuid,
        "PublishedAt" timestamp with time zone NOT NULL,
        "PublishedByUserId" text,
        "CreatedAt" timestamp with time zone NOT NULL,
        "UpdatedAt" timestamp with time zone,
        CONSTRAINT "PK_ContentPublications" PRIMARY KEY ("Id"),
        CONSTRAINT "FK_ContentPublications_Lessons_LessonId" FOREIGN KEY ("LessonId") REFERENCES "Lessons" ("Id") ON DELETE CASCADE,
        CONSTRAINT "FK_ContentPublications_Universities_UniversityId" FOREIGN KEY ("UniversityId") REFERENCES "Universities" ("Id")
    );
    END IF;
END $EF$;

DO $EF$
BEGIN
    IF NOT EXISTS(SELECT 1 FROM "__EFMigrationsHistory" WHERE "MigrationId" = '20260705061153_InitialCreate') THEN
    CREATE TABLE "LessonAssets" (
        "Id" uuid NOT NULL,
        "LessonId" uuid NOT NULL,
        "AssetType" integer NOT NULL,
        "FileName" text NOT NULL,
        "BlobUrl" text NOT NULL,
        "ContentType" text NOT NULL,
        "FileSizeBytes" bigint NOT NULL,
        "CreatedAt" timestamp with time zone NOT NULL,
        "UpdatedAt" timestamp with time zone,
        CONSTRAINT "PK_LessonAssets" PRIMARY KEY ("Id"),
        CONSTRAINT "FK_LessonAssets_Lessons_LessonId" FOREIGN KEY ("LessonId") REFERENCES "Lessons" ("Id") ON DELETE CASCADE
    );
    END IF;
END $EF$;

DO $EF$
BEGIN
    IF NOT EXISTS(SELECT 1 FROM "__EFMigrationsHistory" WHERE "MigrationId" = '20260705061153_InitialCreate') THEN
    CREATE TABLE "LessonProgresses" (
        "Id" uuid NOT NULL,
        "StudentId" uuid NOT NULL,
        "LessonId" uuid NOT NULL,
        "Status" integer NOT NULL,
        "ProgressPercent" integer NOT NULL,
        "WatchedSeconds" integer NOT NULL,
        "CompletedAt" timestamp with time zone,
        "LastActivityAt" timestamp with time zone NOT NULL,
        "CreatedAt" timestamp with time zone NOT NULL,
        "UpdatedAt" timestamp with time zone,
        CONSTRAINT "PK_LessonProgresses" PRIMARY KEY ("Id"),
        CONSTRAINT "FK_LessonProgresses_Lessons_LessonId" FOREIGN KEY ("LessonId") REFERENCES "Lessons" ("Id") ON DELETE CASCADE,
        CONSTRAINT "FK_LessonProgresses_Students_StudentId" FOREIGN KEY ("StudentId") REFERENCES "Students" ("Id") ON DELETE CASCADE
    );
    END IF;
END $EF$;

DO $EF$
BEGIN
    IF NOT EXISTS(SELECT 1 FROM "__EFMigrationsHistory" WHERE "MigrationId" = '20260705061153_InitialCreate') THEN
    CREATE TABLE "QuizAttempts" (
        "Id" uuid NOT NULL,
        "QuizId" uuid NOT NULL,
        "StudentId" uuid NOT NULL,
        "ScorePercent" integer NOT NULL,
        "Passed" boolean NOT NULL,
        "StartedAt" timestamp with time zone NOT NULL,
        "SubmittedAt" timestamp with time zone,
        "AttemptNumber" integer NOT NULL,
        "CreatedAt" timestamp with time zone NOT NULL,
        "UpdatedAt" timestamp with time zone,
        CONSTRAINT "PK_QuizAttempts" PRIMARY KEY ("Id"),
        CONSTRAINT "FK_QuizAttempts_Quizzes_QuizId" FOREIGN KEY ("QuizId") REFERENCES "Quizzes" ("Id") ON DELETE CASCADE,
        CONSTRAINT "FK_QuizAttempts_Students_StudentId" FOREIGN KEY ("StudentId") REFERENCES "Students" ("Id") ON DELETE CASCADE
    );
    END IF;
END $EF$;

DO $EF$
BEGIN
    IF NOT EXISTS(SELECT 1 FROM "__EFMigrationsHistory" WHERE "MigrationId" = '20260705061153_InitialCreate') THEN
    CREATE TABLE "QuizQuestions" (
        "Id" uuid NOT NULL,
        "QuizId" uuid NOT NULL,
        "QuestionText" text NOT NULL,
        "SortOrder" integer NOT NULL,
        "Points" integer NOT NULL,
        "CreatedAt" timestamp with time zone NOT NULL,
        "UpdatedAt" timestamp with time zone,
        CONSTRAINT "PK_QuizQuestions" PRIMARY KEY ("Id"),
        CONSTRAINT "FK_QuizQuestions_Quizzes_QuizId" FOREIGN KEY ("QuizId") REFERENCES "Quizzes" ("Id") ON DELETE CASCADE
    );
    END IF;
END $EF$;

DO $EF$
BEGIN
    IF NOT EXISTS(SELECT 1 FROM "__EFMigrationsHistory" WHERE "MigrationId" = '20260705061153_InitialCreate') THEN
    CREATE TABLE "QuizOptions" (
        "Id" uuid NOT NULL,
        "QuestionId" uuid NOT NULL,
        "OptionText" text NOT NULL,
        "IsCorrect" boolean NOT NULL,
        "SortOrder" integer NOT NULL,
        "CreatedAt" timestamp with time zone NOT NULL,
        "UpdatedAt" timestamp with time zone,
        CONSTRAINT "PK_QuizOptions" PRIMARY KEY ("Id"),
        CONSTRAINT "FK_QuizOptions_QuizQuestions_QuestionId" FOREIGN KEY ("QuestionId") REFERENCES "QuizQuestions" ("Id") ON DELETE CASCADE
    );
    END IF;
END $EF$;

DO $EF$
BEGIN
    IF NOT EXISTS(SELECT 1 FROM "__EFMigrationsHistory" WHERE "MigrationId" = '20260705061153_InitialCreate') THEN
    CREATE TABLE "QuizAnswers" (
        "Id" uuid NOT NULL,
        "AttemptId" uuid NOT NULL,
        "QuestionId" uuid NOT NULL,
        "SelectedOptionId" uuid NOT NULL,
        "IsCorrect" boolean NOT NULL,
        "CreatedAt" timestamp with time zone NOT NULL,
        "UpdatedAt" timestamp with time zone,
        CONSTRAINT "PK_QuizAnswers" PRIMARY KEY ("Id"),
        CONSTRAINT "FK_QuizAnswers_QuizAttempts_AttemptId" FOREIGN KEY ("AttemptId") REFERENCES "QuizAttempts" ("Id") ON DELETE CASCADE,
        CONSTRAINT "FK_QuizAnswers_QuizOptions_SelectedOptionId" FOREIGN KEY ("SelectedOptionId") REFERENCES "QuizOptions" ("Id") ON DELETE RESTRICT,
        CONSTRAINT "FK_QuizAnswers_QuizQuestions_QuestionId" FOREIGN KEY ("QuestionId") REFERENCES "QuizQuestions" ("Id") ON DELETE RESTRICT
    );
    END IF;
END $EF$;

DO $EF$
BEGIN
    IF NOT EXISTS(SELECT 1 FROM "__EFMigrationsHistory" WHERE "MigrationId" = '20260705061153_InitialCreate') THEN
    CREATE INDEX "IX_AspNetRoleClaims_RoleId" ON "AspNetRoleClaims" ("RoleId");
    END IF;
END $EF$;

DO $EF$
BEGIN
    IF NOT EXISTS(SELECT 1 FROM "__EFMigrationsHistory" WHERE "MigrationId" = '20260705061153_InitialCreate') THEN
    CREATE UNIQUE INDEX "RoleNameIndex" ON "AspNetRoles" ("NormalizedName");
    END IF;
END $EF$;

DO $EF$
BEGIN
    IF NOT EXISTS(SELECT 1 FROM "__EFMigrationsHistory" WHERE "MigrationId" = '20260705061153_InitialCreate') THEN
    CREATE INDEX "IX_AspNetUserClaims_UserId" ON "AspNetUserClaims" ("UserId");
    END IF;
END $EF$;

DO $EF$
BEGIN
    IF NOT EXISTS(SELECT 1 FROM "__EFMigrationsHistory" WHERE "MigrationId" = '20260705061153_InitialCreate') THEN
    CREATE INDEX "IX_AspNetUserLogins_UserId" ON "AspNetUserLogins" ("UserId");
    END IF;
END $EF$;

DO $EF$
BEGIN
    IF NOT EXISTS(SELECT 1 FROM "__EFMigrationsHistory" WHERE "MigrationId" = '20260705061153_InitialCreate') THEN
    CREATE INDEX "IX_AspNetUserRoles_RoleId" ON "AspNetUserRoles" ("RoleId");
    END IF;
END $EF$;

DO $EF$
BEGIN
    IF NOT EXISTS(SELECT 1 FROM "__EFMigrationsHistory" WHERE "MigrationId" = '20260705061153_InitialCreate') THEN
    CREATE INDEX "EmailIndex" ON "AspNetUsers" ("NormalizedEmail");
    END IF;
END $EF$;

DO $EF$
BEGIN
    IF NOT EXISTS(SELECT 1 FROM "__EFMigrationsHistory" WHERE "MigrationId" = '20260705061153_InitialCreate') THEN
    CREATE UNIQUE INDEX "IX_AspNetUsers_Email" ON "AspNetUsers" ("Email");
    END IF;
END $EF$;

DO $EF$
BEGIN
    IF NOT EXISTS(SELECT 1 FROM "__EFMigrationsHistory" WHERE "MigrationId" = '20260705061153_InitialCreate') THEN
    CREATE UNIQUE INDEX "UserNameIndex" ON "AspNetUsers" ("NormalizedUserName");
    END IF;
END $EF$;

DO $EF$
BEGIN
    IF NOT EXISTS(SELECT 1 FROM "__EFMigrationsHistory" WHERE "MigrationId" = '20260705061153_InitialCreate') THEN
    CREATE UNIQUE INDEX "IX_Certificates_CertificateNumber" ON "Certificates" ("CertificateNumber");
    END IF;
END $EF$;

DO $EF$
BEGIN
    IF NOT EXISTS(SELECT 1 FROM "__EFMigrationsHistory" WHERE "MigrationId" = '20260705061153_InitialCreate') THEN
    CREATE INDEX "IX_Certificates_ProgrammeId" ON "Certificates" ("ProgrammeId");
    END IF;
END $EF$;

DO $EF$
BEGIN
    IF NOT EXISTS(SELECT 1 FROM "__EFMigrationsHistory" WHERE "MigrationId" = '20260705061153_InitialCreate') THEN
    CREATE INDEX "IX_Certificates_StudentId" ON "Certificates" ("StudentId");
    END IF;
END $EF$;

DO $EF$
BEGIN
    IF NOT EXISTS(SELECT 1 FROM "__EFMigrationsHistory" WHERE "MigrationId" = '20260705061153_InitialCreate') THEN
    CREATE INDEX "IX_Cohorts_ProgrammeId" ON "Cohorts" ("ProgrammeId");
    END IF;
END $EF$;

DO $EF$
BEGIN
    IF NOT EXISTS(SELECT 1 FROM "__EFMigrationsHistory" WHERE "MigrationId" = '20260705061153_InitialCreate') THEN
    CREATE UNIQUE INDEX "IX_Cohorts_UniversityId_Name" ON "Cohorts" ("UniversityId", "Name");
    END IF;
END $EF$;

DO $EF$
BEGIN
    IF NOT EXISTS(SELECT 1 FROM "__EFMigrationsHistory" WHERE "MigrationId" = '20260705061153_InitialCreate') THEN
    CREATE INDEX "IX_ContentPublications_LessonId_UniversityId" ON "ContentPublications" ("LessonId", "UniversityId");
    END IF;
END $EF$;

DO $EF$
BEGIN
    IF NOT EXISTS(SELECT 1 FROM "__EFMigrationsHistory" WHERE "MigrationId" = '20260705061153_InitialCreate') THEN
    CREATE INDEX "IX_ContentPublications_UniversityId" ON "ContentPublications" ("UniversityId");
    END IF;
END $EF$;

DO $EF$
BEGIN
    IF NOT EXISTS(SELECT 1 FROM "__EFMigrationsHistory" WHERE "MigrationId" = '20260705061153_InitialCreate') THEN
    CREATE INDEX "IX_LessonAssets_LessonId" ON "LessonAssets" ("LessonId");
    END IF;
END $EF$;

DO $EF$
BEGIN
    IF NOT EXISTS(SELECT 1 FROM "__EFMigrationsHistory" WHERE "MigrationId" = '20260705061153_InitialCreate') THEN
    CREATE INDEX "IX_LessonProgresses_LessonId" ON "LessonProgresses" ("LessonId");
    END IF;
END $EF$;

DO $EF$
BEGIN
    IF NOT EXISTS(SELECT 1 FROM "__EFMigrationsHistory" WHERE "MigrationId" = '20260705061153_InitialCreate') THEN
    CREATE UNIQUE INDEX "IX_LessonProgresses_StudentId_LessonId" ON "LessonProgresses" ("StudentId", "LessonId");
    END IF;
END $EF$;

DO $EF$
BEGIN
    IF NOT EXISTS(SELECT 1 FROM "__EFMigrationsHistory" WHERE "MigrationId" = '20260705061153_InitialCreate') THEN
    CREATE INDEX "IX_Lessons_ModuleId" ON "Lessons" ("ModuleId");
    END IF;
END $EF$;

DO $EF$
BEGIN
    IF NOT EXISTS(SELECT 1 FROM "__EFMigrationsHistory" WHERE "MigrationId" = '20260705061153_InitialCreate') THEN
    CREATE UNIQUE INDEX "IX_ModulePrerequisites_ModuleId_PrerequisiteModuleId" ON "ModulePrerequisites" ("ModuleId", "PrerequisiteModuleId");
    END IF;
END $EF$;

DO $EF$
BEGIN
    IF NOT EXISTS(SELECT 1 FROM "__EFMigrationsHistory" WHERE "MigrationId" = '20260705061153_InitialCreate') THEN
    CREATE INDEX "IX_ModulePrerequisites_PrerequisiteModuleId" ON "ModulePrerequisites" ("PrerequisiteModuleId");
    END IF;
END $EF$;

DO $EF$
BEGIN
    IF NOT EXISTS(SELECT 1 FROM "__EFMigrationsHistory" WHERE "MigrationId" = '20260705061153_InitialCreate') THEN
    CREATE INDEX "IX_ModuleProgresses_ModuleId" ON "ModuleProgresses" ("ModuleId");
    END IF;
END $EF$;

DO $EF$
BEGIN
    IF NOT EXISTS(SELECT 1 FROM "__EFMigrationsHistory" WHERE "MigrationId" = '20260705061153_InitialCreate') THEN
    CREATE UNIQUE INDEX "IX_ModuleProgresses_StudentId_ModuleId" ON "ModuleProgresses" ("StudentId", "ModuleId");
    END IF;
END $EF$;

DO $EF$
BEGIN
    IF NOT EXISTS(SELECT 1 FROM "__EFMigrationsHistory" WHERE "MigrationId" = '20260705061153_InitialCreate') THEN
    CREATE INDEX "IX_Modules_SemesterId" ON "Modules" ("SemesterId");
    END IF;
END $EF$;

DO $EF$
BEGIN
    IF NOT EXISTS(SELECT 1 FROM "__EFMigrationsHistory" WHERE "MigrationId" = '20260705061153_InitialCreate') THEN
    CREATE INDEX "IX_OfflineAssessmentResults_ModuleId" ON "OfflineAssessmentResults" ("ModuleId");
    END IF;
END $EF$;

DO $EF$
BEGIN
    IF NOT EXISTS(SELECT 1 FROM "__EFMigrationsHistory" WHERE "MigrationId" = '20260705061153_InitialCreate') THEN
    CREATE INDEX "IX_OfflineAssessmentResults_StudentId" ON "OfflineAssessmentResults" ("StudentId");
    END IF;
END $EF$;

DO $EF$
BEGIN
    IF NOT EXISTS(SELECT 1 FROM "__EFMigrationsHistory" WHERE "MigrationId" = '20260705061153_InitialCreate') THEN
    CREATE UNIQUE INDEX "IX_Programmes_Code" ON "Programmes" ("Code");
    END IF;
END $EF$;

DO $EF$
BEGIN
    IF NOT EXISTS(SELECT 1 FROM "__EFMigrationsHistory" WHERE "MigrationId" = '20260705061153_InitialCreate') THEN
    CREATE UNIQUE INDEX "IX_ProgrammeYears_ProgrammeId_YearNumber" ON "ProgrammeYears" ("ProgrammeId", "YearNumber");
    END IF;
END $EF$;

DO $EF$
BEGIN
    IF NOT EXISTS(SELECT 1 FROM "__EFMigrationsHistory" WHERE "MigrationId" = '20260705061153_InitialCreate') THEN
    CREATE INDEX "IX_QuizAnswers_AttemptId" ON "QuizAnswers" ("AttemptId");
    END IF;
END $EF$;

DO $EF$
BEGIN
    IF NOT EXISTS(SELECT 1 FROM "__EFMigrationsHistory" WHERE "MigrationId" = '20260705061153_InitialCreate') THEN
    CREATE INDEX "IX_QuizAnswers_QuestionId" ON "QuizAnswers" ("QuestionId");
    END IF;
END $EF$;

DO $EF$
BEGIN
    IF NOT EXISTS(SELECT 1 FROM "__EFMigrationsHistory" WHERE "MigrationId" = '20260705061153_InitialCreate') THEN
    CREATE INDEX "IX_QuizAnswers_SelectedOptionId" ON "QuizAnswers" ("SelectedOptionId");
    END IF;
END $EF$;

DO $EF$
BEGIN
    IF NOT EXISTS(SELECT 1 FROM "__EFMigrationsHistory" WHERE "MigrationId" = '20260705061153_InitialCreate') THEN
    CREATE INDEX "IX_QuizAttempts_QuizId" ON "QuizAttempts" ("QuizId");
    END IF;
END $EF$;

DO $EF$
BEGIN
    IF NOT EXISTS(SELECT 1 FROM "__EFMigrationsHistory" WHERE "MigrationId" = '20260705061153_InitialCreate') THEN
    CREATE INDEX "IX_QuizAttempts_StudentId" ON "QuizAttempts" ("StudentId");
    END IF;
END $EF$;

DO $EF$
BEGIN
    IF NOT EXISTS(SELECT 1 FROM "__EFMigrationsHistory" WHERE "MigrationId" = '20260705061153_InitialCreate') THEN
    CREATE INDEX "IX_QuizOptions_QuestionId" ON "QuizOptions" ("QuestionId");
    END IF;
END $EF$;

DO $EF$
BEGIN
    IF NOT EXISTS(SELECT 1 FROM "__EFMigrationsHistory" WHERE "MigrationId" = '20260705061153_InitialCreate') THEN
    CREATE INDEX "IX_QuizQuestions_QuizId" ON "QuizQuestions" ("QuizId");
    END IF;
END $EF$;

DO $EF$
BEGIN
    IF NOT EXISTS(SELECT 1 FROM "__EFMigrationsHistory" WHERE "MigrationId" = '20260705061153_InitialCreate') THEN
    CREATE INDEX "IX_Quizzes_ModuleId" ON "Quizzes" ("ModuleId");
    END IF;
END $EF$;

DO $EF$
BEGIN
    IF NOT EXISTS(SELECT 1 FROM "__EFMigrationsHistory" WHERE "MigrationId" = '20260705061153_InitialCreate') THEN
    CREATE UNIQUE INDEX "IX_Semesters_ProgrammeYearId_SemesterNumber" ON "Semesters" ("ProgrammeYearId", "SemesterNumber");
    END IF;
END $EF$;

DO $EF$
BEGIN
    IF NOT EXISTS(SELECT 1 FROM "__EFMigrationsHistory" WHERE "MigrationId" = '20260705061153_InitialCreate') THEN
    CREATE INDEX "IX_StudentEnrolments_CohortId" ON "StudentEnrolments" ("CohortId");
    END IF;
END $EF$;

DO $EF$
BEGIN
    IF NOT EXISTS(SELECT 1 FROM "__EFMigrationsHistory" WHERE "MigrationId" = '20260705061153_InitialCreate') THEN
    CREATE INDEX "IX_StudentEnrolments_StudentId" ON "StudentEnrolments" ("StudentId");
    END IF;
END $EF$;

DO $EF$
BEGIN
    IF NOT EXISTS(SELECT 1 FROM "__EFMigrationsHistory" WHERE "MigrationId" = '20260705061153_InitialCreate') THEN
    CREATE INDEX "IX_StudentEnrolments_UniversityId_CohortId" ON "StudentEnrolments" ("UniversityId", "CohortId");
    END IF;
END $EF$;

DO $EF$
BEGIN
    IF NOT EXISTS(SELECT 1 FROM "__EFMigrationsHistory" WHERE "MigrationId" = '20260705061153_InitialCreate') THEN
    CREATE UNIQUE INDEX "IX_StudentEnrolments_UniversityId_StudentId" ON "StudentEnrolments" ("UniversityId", "StudentId");
    END IF;
END $EF$;

DO $EF$
BEGIN
    IF NOT EXISTS(SELECT 1 FROM "__EFMigrationsHistory" WHERE "MigrationId" = '20260705061153_InitialCreate') THEN
    CREATE UNIQUE INDEX "IX_Students_UserId" ON "Students" ("UserId");
    END IF;
END $EF$;

DO $EF$
BEGIN
    IF NOT EXISTS(SELECT 1 FROM "__EFMigrationsHistory" WHERE "MigrationId" = '20260705061153_InitialCreate') THEN
    CREATE UNIQUE INDEX "IX_Universities_Domain" ON "Universities" ("Domain");
    END IF;
END $EF$;

DO $EF$
BEGIN
    IF NOT EXISTS(SELECT 1 FROM "__EFMigrationsHistory" WHERE "MigrationId" = '20260705061153_InitialCreate') THEN
    CREATE INDEX "IX_UniversityProgrammes_ProgrammeId" ON "UniversityProgrammes" ("ProgrammeId");
    END IF;
END $EF$;

DO $EF$
BEGIN
    IF NOT EXISTS(SELECT 1 FROM "__EFMigrationsHistory" WHERE "MigrationId" = '20260705061153_InitialCreate') THEN
    CREATE UNIQUE INDEX "IX_UniversityProgrammes_UniversityId_ProgrammeId" ON "UniversityProgrammes" ("UniversityId", "ProgrammeId");
    END IF;
END $EF$;

DO $EF$
BEGIN
    IF NOT EXISTS(SELECT 1 FROM "__EFMigrationsHistory" WHERE "MigrationId" = '20260705061153_InitialCreate') THEN
    INSERT INTO "__EFMigrationsHistory" ("MigrationId", "ProductVersion")
    VALUES ('20260705061153_InitialCreate', '10.0.9');
    END IF;
END $EF$;
COMMIT;

START TRANSACTION;

DO $EF$
BEGIN
    IF NOT EXISTS(SELECT 1 FROM "__EFMigrationsHistory" WHERE "MigrationId" = '20260705070121_Phase2ClinicalAndIntegrations') THEN
    ALTER TABLE "AspNetUsers" ADD "SupervisorId" uuid;
    END IF;
END $EF$;

DO $EF$
BEGIN
    IF NOT EXISTS(SELECT 1 FROM "__EFMigrationsHistory" WHERE "MigrationId" = '20260705070121_Phase2ClinicalAndIntegrations') THEN
    CREATE TABLE "CalendarEvents" (
        "Id" uuid NOT NULL,
        "UniversityId" uuid NOT NULL,
        "CohortId" uuid,
        "Title" text NOT NULL,
        "Description" text NOT NULL,
        "StartAt" timestamp with time zone NOT NULL,
        "EndAt" timestamp with time zone NOT NULL,
        "EventType" integer NOT NULL,
        "RelatedModuleId" uuid,
        "RelatedRotationId" uuid,
        "CreatedAt" timestamp with time zone NOT NULL,
        "UpdatedAt" timestamp with time zone,
        CONSTRAINT "PK_CalendarEvents" PRIMARY KEY ("Id"),
        CONSTRAINT "FK_CalendarEvents_Cohorts_CohortId" FOREIGN KEY ("CohortId") REFERENCES "Cohorts" ("Id"),
        CONSTRAINT "FK_CalendarEvents_Universities_UniversityId" FOREIGN KEY ("UniversityId") REFERENCES "Universities" ("Id") ON DELETE CASCADE
    );
    END IF;
END $EF$;

DO $EF$
BEGIN
    IF NOT EXISTS(SELECT 1 FROM "__EFMigrationsHistory" WHERE "MigrationId" = '20260705070121_Phase2ClinicalAndIntegrations') THEN
    CREATE TABLE "ContentVersions" (
        "Id" uuid NOT NULL,
        "LessonId" uuid NOT NULL,
        "VersionNumber" integer NOT NULL,
        "BlobUrl" text NOT NULL,
        "Changelog" text,
        "Status" integer NOT NULL,
        "PublishedAt" timestamp with time zone,
        "ArchivedAt" timestamp with time zone,
        "CreatedByUserId" text,
        "CreatedAt" timestamp with time zone NOT NULL,
        "UpdatedAt" timestamp with time zone,
        CONSTRAINT "PK_ContentVersions" PRIMARY KEY ("Id"),
        CONSTRAINT "FK_ContentVersions_Lessons_LessonId" FOREIGN KEY ("LessonId") REFERENCES "Lessons" ("Id") ON DELETE CASCADE
    );
    END IF;
END $EF$;

DO $EF$
BEGIN
    IF NOT EXISTS(SELECT 1 FROM "__EFMigrationsHistory" WHERE "MigrationId" = '20260705070121_Phase2ClinicalAndIntegrations') THEN
    CREATE TABLE "DiscussionThreads" (
        "Id" uuid NOT NULL,
        "UniversityId" uuid NOT NULL,
        "LessonId" uuid NOT NULL,
        "Title" text NOT NULL,
        "CreatedByUserId" text NOT NULL,
        "IsLocked" boolean NOT NULL,
        "CreatedAt" timestamp with time zone NOT NULL,
        "UpdatedAt" timestamp with time zone,
        CONSTRAINT "PK_DiscussionThreads" PRIMARY KEY ("Id"),
        CONSTRAINT "FK_DiscussionThreads_Lessons_LessonId" FOREIGN KEY ("LessonId") REFERENCES "Lessons" ("Id") ON DELETE CASCADE,
        CONSTRAINT "FK_DiscussionThreads_Universities_UniversityId" FOREIGN KEY ("UniversityId") REFERENCES "Universities" ("Id") ON DELETE CASCADE
    );
    END IF;
END $EF$;

DO $EF$
BEGIN
    IF NOT EXISTS(SELECT 1 FROM "__EFMigrationsHistory" WHERE "MigrationId" = '20260705070121_Phase2ClinicalAndIntegrations') THEN
    CREATE TABLE "GradeSyncRequests" (
        "Id" uuid NOT NULL,
        "UniversityId" uuid NOT NULL,
        "SemesterId" uuid NOT NULL,
        "CohortId" uuid NOT NULL,
        "Status" integer NOT NULL,
        "RequestedByUserId" text NOT NULL,
        "ApprovedByUserId" text,
        "ApprovedAt" timestamp with time zone,
        "PushedAt" timestamp with time zone,
        "FailureReason" text,
        "RetryCount" integer NOT NULL,
        "CreatedAt" timestamp with time zone NOT NULL,
        "UpdatedAt" timestamp with time zone,
        CONSTRAINT "PK_GradeSyncRequests" PRIMARY KEY ("Id"),
        CONSTRAINT "FK_GradeSyncRequests_Cohorts_CohortId" FOREIGN KEY ("CohortId") REFERENCES "Cohorts" ("Id") ON DELETE CASCADE,
        CONSTRAINT "FK_GradeSyncRequests_Semesters_SemesterId" FOREIGN KEY ("SemesterId") REFERENCES "Semesters" ("Id") ON DELETE CASCADE,
        CONSTRAINT "FK_GradeSyncRequests_Universities_UniversityId" FOREIGN KEY ("UniversityId") REFERENCES "Universities" ("Id") ON DELETE CASCADE
    );
    END IF;
END $EF$;

DO $EF$
BEGIN
    IF NOT EXISTS(SELECT 1 FROM "__EFMigrationsHistory" WHERE "MigrationId" = '20260705070121_Phase2ClinicalAndIntegrations') THEN
    CREATE TABLE "HospitalAttendanceFeeds" (
        "Id" uuid NOT NULL,
        "UniversityId" uuid NOT NULL,
        "ExternalRecordId" text NOT NULL,
        "PayloadJson" text NOT NULL,
        "Status" integer NOT NULL,
        "ReceivedAt" timestamp with time zone NOT NULL,
        "ProcessedAt" timestamp with time zone,
        "ErrorMessage" text,
        "CreatedAt" timestamp with time zone NOT NULL,
        "UpdatedAt" timestamp with time zone,
        CONSTRAINT "PK_HospitalAttendanceFeeds" PRIMARY KEY ("Id"),
        CONSTRAINT "FK_HospitalAttendanceFeeds_Universities_UniversityId" FOREIGN KEY ("UniversityId") REFERENCES "Universities" ("Id") ON DELETE CASCADE
    );
    END IF;
END $EF$;

DO $EF$
BEGIN
    IF NOT EXISTS(SELECT 1 FROM "__EFMigrationsHistory" WHERE "MigrationId" = '20260705070121_Phase2ClinicalAndIntegrations') THEN
    CREATE TABLE "HospitalDepartments" (
        "Id" uuid NOT NULL,
        "UniversityId" uuid NOT NULL,
        "Name" text NOT NULL,
        "Code" text NOT NULL,
        "CapacityPerMonth" integer NOT NULL,
        "IsActive" boolean NOT NULL,
        "CreatedAt" timestamp with time zone NOT NULL,
        "UpdatedAt" timestamp with time zone,
        CONSTRAINT "PK_HospitalDepartments" PRIMARY KEY ("Id"),
        CONSTRAINT "FK_HospitalDepartments_Universities_UniversityId" FOREIGN KEY ("UniversityId") REFERENCES "Universities" ("Id") ON DELETE CASCADE
    );
    END IF;
END $EF$;

DO $EF$
BEGIN
    IF NOT EXISTS(SELECT 1 FROM "__EFMigrationsHistory" WHERE "MigrationId" = '20260705070121_Phase2ClinicalAndIntegrations') THEN
    CREATE TABLE "Notifications" (
        "Id" uuid NOT NULL,
        "UniversityId" uuid NOT NULL,
        "UserId" text NOT NULL,
        "Type" text NOT NULL,
        "Title" text NOT NULL,
        "Body" text NOT NULL,
        "Channel" integer NOT NULL,
        "IsRead" boolean NOT NULL,
        "ReadAt" timestamp with time zone,
        "RelatedEntityType" text,
        "RelatedEntityId" uuid,
        "CreatedAt" timestamp with time zone NOT NULL,
        "UpdatedAt" timestamp with time zone,
        CONSTRAINT "PK_Notifications" PRIMARY KEY ("Id"),
        CONSTRAINT "FK_Notifications_Universities_UniversityId" FOREIGN KEY ("UniversityId") REFERENCES "Universities" ("Id") ON DELETE CASCADE
    );
    END IF;
END $EF$;

DO $EF$
BEGIN
    IF NOT EXISTS(SELECT 1 FROM "__EFMigrationsHistory" WHERE "MigrationId" = '20260705070121_Phase2ClinicalAndIntegrations') THEN
    CREATE TABLE "SisRosterSyncRuns" (
        "Id" uuid NOT NULL,
        "UniversityId" uuid NOT NULL,
        "Status" integer NOT NULL,
        "StartedAt" timestamp with time zone NOT NULL,
        "CompletedAt" timestamp with time zone,
        "RecordsProcessed" integer NOT NULL,
        "RecordsAdded" integer NOT NULL,
        "RecordsUpdated" integer NOT NULL,
        "RecordsSuspended" integer NOT NULL,
        "ErrorMessage" text,
        "CreatedAt" timestamp with time zone NOT NULL,
        "UpdatedAt" timestamp with time zone,
        CONSTRAINT "PK_SisRosterSyncRuns" PRIMARY KEY ("Id"),
        CONSTRAINT "FK_SisRosterSyncRuns_Universities_UniversityId" FOREIGN KEY ("UniversityId") REFERENCES "Universities" ("Id") ON DELETE CASCADE
    );
    END IF;
END $EF$;

DO $EF$
BEGIN
    IF NOT EXISTS(SELECT 1 FROM "__EFMigrationsHistory" WHERE "MigrationId" = '20260705070121_Phase2ClinicalAndIntegrations') THEN
    CREATE TABLE "TenantIdpConfigs" (
        "Id" uuid NOT NULL,
        "UniversityId" uuid NOT NULL,
        "ProviderType" integer NOT NULL,
        "MetadataUrl" text,
        "ClientId" text,
        "ClientSecretPlaceholder" text,
        "AuthorityUrl" text,
        "IsEnabled" boolean NOT NULL,
        "CreatedAt" timestamp with time zone NOT NULL,
        "UpdatedAt" timestamp with time zone,
        CONSTRAINT "PK_TenantIdpConfigs" PRIMARY KEY ("Id"),
        CONSTRAINT "FK_TenantIdpConfigs_Universities_UniversityId" FOREIGN KEY ("UniversityId") REFERENCES "Universities" ("Id") ON DELETE CASCADE
    );
    END IF;
END $EF$;

DO $EF$
BEGIN
    IF NOT EXISTS(SELECT 1 FROM "__EFMigrationsHistory" WHERE "MigrationId" = '20260705070121_Phase2ClinicalAndIntegrations') THEN
    CREATE TABLE "LiveClassSessions" (
        "Id" uuid NOT NULL,
        "CalendarEventId" uuid NOT NULL,
        "JoinUrl" text NOT NULL,
        "MinAttendanceMinutes" integer NOT NULL,
        "RecordingUrl" text,
        "CreatedAt" timestamp with time zone NOT NULL,
        "UpdatedAt" timestamp with time zone,
        CONSTRAINT "PK_LiveClassSessions" PRIMARY KEY ("Id"),
        CONSTRAINT "FK_LiveClassSessions_CalendarEvents_CalendarEventId" FOREIGN KEY ("CalendarEventId") REFERENCES "CalendarEvents" ("Id") ON DELETE CASCADE
    );
    END IF;
END $EF$;

DO $EF$
BEGIN
    IF NOT EXISTS(SELECT 1 FROM "__EFMigrationsHistory" WHERE "MigrationId" = '20260705070121_Phase2ClinicalAndIntegrations') THEN
    CREATE TABLE "AssessmentContentVersions" (
        "Id" uuid NOT NULL,
        "QuizId" uuid NOT NULL,
        "ContentVersionId" uuid NOT NULL,
        "Notes" text,
        "CreatedAt" timestamp with time zone NOT NULL,
        "UpdatedAt" timestamp with time zone,
        CONSTRAINT "PK_AssessmentContentVersions" PRIMARY KEY ("Id"),
        CONSTRAINT "FK_AssessmentContentVersions_ContentVersions_ContentVersionId" FOREIGN KEY ("ContentVersionId") REFERENCES "ContentVersions" ("Id") ON DELETE CASCADE,
        CONSTRAINT "FK_AssessmentContentVersions_Quizzes_QuizId" FOREIGN KEY ("QuizId") REFERENCES "Quizzes" ("Id") ON DELETE CASCADE
    );
    END IF;
END $EF$;

DO $EF$
BEGIN
    IF NOT EXISTS(SELECT 1 FROM "__EFMigrationsHistory" WHERE "MigrationId" = '20260705070121_Phase2ClinicalAndIntegrations') THEN
    CREATE TABLE "DiscussionPosts" (
        "Id" uuid NOT NULL,
        "ThreadId" uuid NOT NULL,
        "Body" text NOT NULL,
        "CreatedByUserId" text NOT NULL,
        "ParentPostId" uuid,
        "CreatedAt" timestamp with time zone NOT NULL,
        "UpdatedAt" timestamp with time zone,
        CONSTRAINT "PK_DiscussionPosts" PRIMARY KEY ("Id"),
        CONSTRAINT "FK_DiscussionPosts_DiscussionPosts_ParentPostId" FOREIGN KEY ("ParentPostId") REFERENCES "DiscussionPosts" ("Id") ON DELETE RESTRICT,
        CONSTRAINT "FK_DiscussionPosts_DiscussionThreads_ThreadId" FOREIGN KEY ("ThreadId") REFERENCES "DiscussionThreads" ("Id") ON DELETE CASCADE
    );
    END IF;
END $EF$;

DO $EF$
BEGIN
    IF NOT EXISTS(SELECT 1 FROM "__EFMigrationsHistory" WHERE "MigrationId" = '20260705070121_Phase2ClinicalAndIntegrations') THEN
    CREATE TABLE "GradeSyncRecords" (
        "Id" uuid NOT NULL,
        "GradeSyncRequestId" uuid NOT NULL,
        "StudentId" uuid NOT NULL,
        "MarksJson" text NOT NULL,
        "SyncStatus" text NOT NULL,
        "ExternalReference" text,
        "CreatedAt" timestamp with time zone NOT NULL,
        "UpdatedAt" timestamp with time zone,
        CONSTRAINT "PK_GradeSyncRecords" PRIMARY KEY ("Id"),
        CONSTRAINT "FK_GradeSyncRecords_GradeSyncRequests_GradeSyncRequestId" FOREIGN KEY ("GradeSyncRequestId") REFERENCES "GradeSyncRequests" ("Id") ON DELETE CASCADE,
        CONSTRAINT "FK_GradeSyncRecords_Students_StudentId" FOREIGN KEY ("StudentId") REFERENCES "Students" ("Id") ON DELETE CASCADE
    );
    END IF;
END $EF$;

DO $EF$
BEGIN
    IF NOT EXISTS(SELECT 1 FROM "__EFMigrationsHistory" WHERE "MigrationId" = '20260705070121_Phase2ClinicalAndIntegrations') THEN
    CREATE TABLE "Rotations" (
        "Id" uuid NOT NULL,
        "UniversityId" uuid NOT NULL,
        "HospitalDepartmentId" uuid NOT NULL,
        "CohortId" uuid NOT NULL,
        "Name" text NOT NULL,
        "StartDate" date NOT NULL,
        "EndDate" date NOT NULL,
        "WeeksDuration" integer NOT NULL,
        "RequiredProcedureCount" integer NOT NULL,
        "RequiredAttendancePercent" numeric NOT NULL,
        "Status" integer NOT NULL,
        "CreatedAt" timestamp with time zone NOT NULL,
        "UpdatedAt" timestamp with time zone,
        CONSTRAINT "PK_Rotations" PRIMARY KEY ("Id"),
        CONSTRAINT "FK_Rotations_Cohorts_CohortId" FOREIGN KEY ("CohortId") REFERENCES "Cohorts" ("Id") ON DELETE CASCADE,
        CONSTRAINT "FK_Rotations_HospitalDepartments_HospitalDepartmentId" FOREIGN KEY ("HospitalDepartmentId") REFERENCES "HospitalDepartments" ("Id") ON DELETE CASCADE,
        CONSTRAINT "FK_Rotations_Universities_UniversityId" FOREIGN KEY ("UniversityId") REFERENCES "Universities" ("Id") ON DELETE CASCADE
    );
    END IF;
END $EF$;

DO $EF$
BEGIN
    IF NOT EXISTS(SELECT 1 FROM "__EFMigrationsHistory" WHERE "MigrationId" = '20260705070121_Phase2ClinicalAndIntegrations') THEN
    CREATE TABLE "Supervisors" (
        "Id" uuid NOT NULL,
        "UniversityId" uuid NOT NULL,
        "UserId" text NOT NULL,
        "HospitalDepartmentId" uuid NOT NULL,
        "Title" text NOT NULL,
        "IsActive" boolean NOT NULL,
        "CreatedAt" timestamp with time zone NOT NULL,
        "UpdatedAt" timestamp with time zone,
        CONSTRAINT "PK_Supervisors" PRIMARY KEY ("Id"),
        CONSTRAINT "FK_Supervisors_HospitalDepartments_HospitalDepartmentId" FOREIGN KEY ("HospitalDepartmentId") REFERENCES "HospitalDepartments" ("Id") ON DELETE CASCADE,
        CONSTRAINT "FK_Supervisors_Universities_UniversityId" FOREIGN KEY ("UniversityId") REFERENCES "Universities" ("Id") ON DELETE CASCADE
    );
    END IF;
END $EF$;

DO $EF$
BEGIN
    IF NOT EXISTS(SELECT 1 FROM "__EFMigrationsHistory" WHERE "MigrationId" = '20260705070121_Phase2ClinicalAndIntegrations') THEN
    CREATE TABLE "SisRosterSyncRecords" (
        "Id" uuid NOT NULL,
        "SyncRunId" uuid NOT NULL,
        "ExternalStudentId" text NOT NULL,
        "Action" text NOT NULL,
        "StudentEmail" text NOT NULL,
        "AppliedAt" timestamp with time zone,
        "Details" text,
        "CreatedAt" timestamp with time zone NOT NULL,
        "UpdatedAt" timestamp with time zone,
        CONSTRAINT "PK_SisRosterSyncRecords" PRIMARY KEY ("Id"),
        CONSTRAINT "FK_SisRosterSyncRecords_SisRosterSyncRuns_SyncRunId" FOREIGN KEY ("SyncRunId") REFERENCES "SisRosterSyncRuns" ("Id") ON DELETE CASCADE
    );
    END IF;
END $EF$;

DO $EF$
BEGIN
    IF NOT EXISTS(SELECT 1 FROM "__EFMigrationsHistory" WHERE "MigrationId" = '20260705070121_Phase2ClinicalAndIntegrations') THEN
    CREATE TABLE "RotationAssignments" (
        "Id" uuid NOT NULL,
        "UniversityId" uuid NOT NULL,
        "RotationId" uuid NOT NULL,
        "StudentId" uuid NOT NULL,
        "Status" integer NOT NULL,
        "AttendancePercent" numeric NOT NULL,
        "CompletedProcedureCount" integer NOT NULL,
        "CompletedAt" timestamp with time zone,
        "CreatedAt" timestamp with time zone NOT NULL,
        "UpdatedAt" timestamp with time zone,
        CONSTRAINT "PK_RotationAssignments" PRIMARY KEY ("Id"),
        CONSTRAINT "FK_RotationAssignments_Rotations_RotationId" FOREIGN KEY ("RotationId") REFERENCES "Rotations" ("Id") ON DELETE CASCADE,
        CONSTRAINT "FK_RotationAssignments_Students_StudentId" FOREIGN KEY ("StudentId") REFERENCES "Students" ("Id") ON DELETE CASCADE,
        CONSTRAINT "FK_RotationAssignments_Universities_UniversityId" FOREIGN KEY ("UniversityId") REFERENCES "Universities" ("Id") ON DELETE CASCADE
    );
    END IF;
END $EF$;

DO $EF$
BEGIN
    IF NOT EXISTS(SELECT 1 FROM "__EFMigrationsHistory" WHERE "MigrationId" = '20260705070121_Phase2ClinicalAndIntegrations') THEN
    CREATE TABLE "SupervisorDelegations" (
        "Id" uuid NOT NULL,
        "UniversityId" uuid NOT NULL,
        "SupervisorId" uuid NOT NULL,
        "DelegateSupervisorId" uuid NOT NULL,
        "StartDate" date NOT NULL,
        "EndDate" date NOT NULL,
        "IsActive" boolean NOT NULL,
        "CreatedAt" timestamp with time zone NOT NULL,
        "UpdatedAt" timestamp with time zone,
        CONSTRAINT "PK_SupervisorDelegations" PRIMARY KEY ("Id"),
        CONSTRAINT "FK_SupervisorDelegations_Supervisors_DelegateSupervisorId" FOREIGN KEY ("DelegateSupervisorId") REFERENCES "Supervisors" ("Id") ON DELETE RESTRICT,
        CONSTRAINT "FK_SupervisorDelegations_Supervisors_SupervisorId" FOREIGN KEY ("SupervisorId") REFERENCES "Supervisors" ("Id") ON DELETE RESTRICT,
        CONSTRAINT "FK_SupervisorDelegations_Universities_UniversityId" FOREIGN KEY ("UniversityId") REFERENCES "Universities" ("Id") ON DELETE CASCADE
    );
    END IF;
END $EF$;

DO $EF$
BEGIN
    IF NOT EXISTS(SELECT 1 FROM "__EFMigrationsHistory" WHERE "MigrationId" = '20260705070121_Phase2ClinicalAndIntegrations') THEN
    CREATE TABLE "AttendanceRecords" (
        "Id" uuid NOT NULL,
        "UniversityId" uuid NOT NULL,
        "RotationAssignmentId" uuid NOT NULL,
        "StudentId" uuid NOT NULL,
        "RecordDate" date NOT NULL,
        "Source" integer NOT NULL,
        "CheckInAt" timestamp with time zone,
        "CheckOutAt" timestamp with time zone,
        "DurationMinutes" integer NOT NULL,
        "FeedStatus" integer NOT NULL,
        "CreatedAt" timestamp with time zone NOT NULL,
        "UpdatedAt" timestamp with time zone,
        CONSTRAINT "PK_AttendanceRecords" PRIMARY KEY ("Id"),
        CONSTRAINT "FK_AttendanceRecords_RotationAssignments_RotationAssignmentId" FOREIGN KEY ("RotationAssignmentId") REFERENCES "RotationAssignments" ("Id") ON DELETE CASCADE,
        CONSTRAINT "FK_AttendanceRecords_Students_StudentId" FOREIGN KEY ("StudentId") REFERENCES "Students" ("Id") ON DELETE CASCADE,
        CONSTRAINT "FK_AttendanceRecords_Universities_UniversityId" FOREIGN KEY ("UniversityId") REFERENCES "Universities" ("Id") ON DELETE CASCADE
    );
    END IF;
END $EF$;

DO $EF$
BEGIN
    IF NOT EXISTS(SELECT 1 FROM "__EFMigrationsHistory" WHERE "MigrationId" = '20260705070121_Phase2ClinicalAndIntegrations') THEN
    CREATE TABLE "LogbookEntries" (
        "Id" uuid NOT NULL,
        "UniversityId" uuid NOT NULL,
        "RotationAssignmentId" uuid NOT NULL,
        "StudentId" uuid NOT NULL,
        "SupervisorId" uuid,
        "EntryDate" date NOT NULL,
        "Procedure" text NOT NULL,
        "PatientCount" integer NOT NULL,
        "Notes" text NOT NULL,
        "Location" text NOT NULL,
        "Status" integer NOT NULL,
        "SupervisorRemarks" text,
        "SubmittedAt" timestamp with time zone NOT NULL,
        "ReviewedAt" timestamp with time zone,
        "EscalatedAt" timestamp with time zone,
        "CreatedAt" timestamp with time zone NOT NULL,
        "UpdatedAt" timestamp with time zone,
        CONSTRAINT "PK_LogbookEntries" PRIMARY KEY ("Id"),
        CONSTRAINT "FK_LogbookEntries_RotationAssignments_RotationAssignmentId" FOREIGN KEY ("RotationAssignmentId") REFERENCES "RotationAssignments" ("Id") ON DELETE CASCADE,
        CONSTRAINT "FK_LogbookEntries_Students_StudentId" FOREIGN KEY ("StudentId") REFERENCES "Students" ("Id") ON DELETE CASCADE,
        CONSTRAINT "FK_LogbookEntries_Supervisors_SupervisorId" FOREIGN KEY ("SupervisorId") REFERENCES "Supervisors" ("Id"),
        CONSTRAINT "FK_LogbookEntries_Universities_UniversityId" FOREIGN KEY ("UniversityId") REFERENCES "Universities" ("Id") ON DELETE CASCADE
    );
    END IF;
END $EF$;

DO $EF$
BEGIN
    IF NOT EXISTS(SELECT 1 FROM "__EFMigrationsHistory" WHERE "MigrationId" = '20260705070121_Phase2ClinicalAndIntegrations') THEN
    CREATE TABLE "SignOffEscalations" (
        "Id" uuid NOT NULL,
        "UniversityId" uuid NOT NULL,
        "LogbookEntryId" uuid NOT NULL,
        "EscalatedToUserId" text NOT NULL,
        "EscalatedAt" timestamp with time zone NOT NULL,
        "Reason" text NOT NULL,
        "ResolvedAt" timestamp with time zone,
        "CreatedAt" timestamp with time zone NOT NULL,
        "UpdatedAt" timestamp with time zone,
        CONSTRAINT "PK_SignOffEscalations" PRIMARY KEY ("Id"),
        CONSTRAINT "FK_SignOffEscalations_LogbookEntries_LogbookEntryId" FOREIGN KEY ("LogbookEntryId") REFERENCES "LogbookEntries" ("Id") ON DELETE CASCADE,
        CONSTRAINT "FK_SignOffEscalations_Universities_UniversityId" FOREIGN KEY ("UniversityId") REFERENCES "Universities" ("Id") ON DELETE CASCADE
    );
    END IF;
END $EF$;

DO $EF$
BEGIN
    IF NOT EXISTS(SELECT 1 FROM "__EFMigrationsHistory" WHERE "MigrationId" = '20260705070121_Phase2ClinicalAndIntegrations') THEN
    CREATE INDEX "IX_AssessmentContentVersions_ContentVersionId" ON "AssessmentContentVersions" ("ContentVersionId");
    END IF;
END $EF$;

DO $EF$
BEGIN
    IF NOT EXISTS(SELECT 1 FROM "__EFMigrationsHistory" WHERE "MigrationId" = '20260705070121_Phase2ClinicalAndIntegrations') THEN
    CREATE UNIQUE INDEX "IX_AssessmentContentVersions_QuizId_ContentVersionId" ON "AssessmentContentVersions" ("QuizId", "ContentVersionId");
    END IF;
END $EF$;

DO $EF$
BEGIN
    IF NOT EXISTS(SELECT 1 FROM "__EFMigrationsHistory" WHERE "MigrationId" = '20260705070121_Phase2ClinicalAndIntegrations') THEN
    CREATE INDEX "IX_AttendanceRecords_RotationAssignmentId_RecordDate" ON "AttendanceRecords" ("RotationAssignmentId", "RecordDate");
    END IF;
END $EF$;

DO $EF$
BEGIN
    IF NOT EXISTS(SELECT 1 FROM "__EFMigrationsHistory" WHERE "MigrationId" = '20260705070121_Phase2ClinicalAndIntegrations') THEN
    CREATE INDEX "IX_AttendanceRecords_StudentId" ON "AttendanceRecords" ("StudentId");
    END IF;
END $EF$;

DO $EF$
BEGIN
    IF NOT EXISTS(SELECT 1 FROM "__EFMigrationsHistory" WHERE "MigrationId" = '20260705070121_Phase2ClinicalAndIntegrations') THEN
    CREATE INDEX "IX_AttendanceRecords_UniversityId" ON "AttendanceRecords" ("UniversityId");
    END IF;
END $EF$;

DO $EF$
BEGIN
    IF NOT EXISTS(SELECT 1 FROM "__EFMigrationsHistory" WHERE "MigrationId" = '20260705070121_Phase2ClinicalAndIntegrations') THEN
    CREATE INDEX "IX_CalendarEvents_CohortId" ON "CalendarEvents" ("CohortId");
    END IF;
END $EF$;

DO $EF$
BEGIN
    IF NOT EXISTS(SELECT 1 FROM "__EFMigrationsHistory" WHERE "MigrationId" = '20260705070121_Phase2ClinicalAndIntegrations') THEN
    CREATE INDEX "IX_CalendarEvents_UniversityId" ON "CalendarEvents" ("UniversityId");
    END IF;
END $EF$;

DO $EF$
BEGIN
    IF NOT EXISTS(SELECT 1 FROM "__EFMigrationsHistory" WHERE "MigrationId" = '20260705070121_Phase2ClinicalAndIntegrations') THEN
    CREATE UNIQUE INDEX "IX_ContentVersions_LessonId_VersionNumber" ON "ContentVersions" ("LessonId", "VersionNumber");
    END IF;
END $EF$;

DO $EF$
BEGIN
    IF NOT EXISTS(SELECT 1 FROM "__EFMigrationsHistory" WHERE "MigrationId" = '20260705070121_Phase2ClinicalAndIntegrations') THEN
    CREATE INDEX "IX_DiscussionPosts_ParentPostId" ON "DiscussionPosts" ("ParentPostId");
    END IF;
END $EF$;

DO $EF$
BEGIN
    IF NOT EXISTS(SELECT 1 FROM "__EFMigrationsHistory" WHERE "MigrationId" = '20260705070121_Phase2ClinicalAndIntegrations') THEN
    CREATE INDEX "IX_DiscussionPosts_ThreadId" ON "DiscussionPosts" ("ThreadId");
    END IF;
END $EF$;

DO $EF$
BEGIN
    IF NOT EXISTS(SELECT 1 FROM "__EFMigrationsHistory" WHERE "MigrationId" = '20260705070121_Phase2ClinicalAndIntegrations') THEN
    CREATE INDEX "IX_DiscussionThreads_LessonId" ON "DiscussionThreads" ("LessonId");
    END IF;
END $EF$;

DO $EF$
BEGIN
    IF NOT EXISTS(SELECT 1 FROM "__EFMigrationsHistory" WHERE "MigrationId" = '20260705070121_Phase2ClinicalAndIntegrations') THEN
    CREATE INDEX "IX_DiscussionThreads_UniversityId" ON "DiscussionThreads" ("UniversityId");
    END IF;
END $EF$;

DO $EF$
BEGIN
    IF NOT EXISTS(SELECT 1 FROM "__EFMigrationsHistory" WHERE "MigrationId" = '20260705070121_Phase2ClinicalAndIntegrations') THEN
    CREATE INDEX "IX_GradeSyncRecords_GradeSyncRequestId" ON "GradeSyncRecords" ("GradeSyncRequestId");
    END IF;
END $EF$;

DO $EF$
BEGIN
    IF NOT EXISTS(SELECT 1 FROM "__EFMigrationsHistory" WHERE "MigrationId" = '20260705070121_Phase2ClinicalAndIntegrations') THEN
    CREATE INDEX "IX_GradeSyncRecords_StudentId" ON "GradeSyncRecords" ("StudentId");
    END IF;
END $EF$;

DO $EF$
BEGIN
    IF NOT EXISTS(SELECT 1 FROM "__EFMigrationsHistory" WHERE "MigrationId" = '20260705070121_Phase2ClinicalAndIntegrations') THEN
    CREATE INDEX "IX_GradeSyncRequests_CohortId" ON "GradeSyncRequests" ("CohortId");
    END IF;
END $EF$;

DO $EF$
BEGIN
    IF NOT EXISTS(SELECT 1 FROM "__EFMigrationsHistory" WHERE "MigrationId" = '20260705070121_Phase2ClinicalAndIntegrations') THEN
    CREATE INDEX "IX_GradeSyncRequests_SemesterId" ON "GradeSyncRequests" ("SemesterId");
    END IF;
END $EF$;

DO $EF$
BEGIN
    IF NOT EXISTS(SELECT 1 FROM "__EFMigrationsHistory" WHERE "MigrationId" = '20260705070121_Phase2ClinicalAndIntegrations') THEN
    CREATE INDEX "IX_GradeSyncRequests_UniversityId" ON "GradeSyncRequests" ("UniversityId");
    END IF;
END $EF$;

DO $EF$
BEGIN
    IF NOT EXISTS(SELECT 1 FROM "__EFMigrationsHistory" WHERE "MigrationId" = '20260705070121_Phase2ClinicalAndIntegrations') THEN
    CREATE UNIQUE INDEX "IX_HospitalAttendanceFeeds_UniversityId_ExternalRecordId" ON "HospitalAttendanceFeeds" ("UniversityId", "ExternalRecordId");
    END IF;
END $EF$;

DO $EF$
BEGIN
    IF NOT EXISTS(SELECT 1 FROM "__EFMigrationsHistory" WHERE "MigrationId" = '20260705070121_Phase2ClinicalAndIntegrations') THEN
    CREATE UNIQUE INDEX "IX_HospitalDepartments_UniversityId_Code" ON "HospitalDepartments" ("UniversityId", "Code");
    END IF;
END $EF$;

DO $EF$
BEGIN
    IF NOT EXISTS(SELECT 1 FROM "__EFMigrationsHistory" WHERE "MigrationId" = '20260705070121_Phase2ClinicalAndIntegrations') THEN
    CREATE UNIQUE INDEX "IX_LiveClassSessions_CalendarEventId" ON "LiveClassSessions" ("CalendarEventId");
    END IF;
END $EF$;

DO $EF$
BEGIN
    IF NOT EXISTS(SELECT 1 FROM "__EFMigrationsHistory" WHERE "MigrationId" = '20260705070121_Phase2ClinicalAndIntegrations') THEN
    CREATE INDEX "IX_LogbookEntries_RotationAssignmentId" ON "LogbookEntries" ("RotationAssignmentId");
    END IF;
END $EF$;

DO $EF$
BEGIN
    IF NOT EXISTS(SELECT 1 FROM "__EFMigrationsHistory" WHERE "MigrationId" = '20260705070121_Phase2ClinicalAndIntegrations') THEN
    CREATE INDEX "IX_LogbookEntries_StudentId" ON "LogbookEntries" ("StudentId");
    END IF;
END $EF$;

DO $EF$
BEGIN
    IF NOT EXISTS(SELECT 1 FROM "__EFMigrationsHistory" WHERE "MigrationId" = '20260705070121_Phase2ClinicalAndIntegrations') THEN
    CREATE INDEX "IX_LogbookEntries_SupervisorId" ON "LogbookEntries" ("SupervisorId");
    END IF;
END $EF$;

DO $EF$
BEGIN
    IF NOT EXISTS(SELECT 1 FROM "__EFMigrationsHistory" WHERE "MigrationId" = '20260705070121_Phase2ClinicalAndIntegrations') THEN
    CREATE INDEX "IX_LogbookEntries_UniversityId" ON "LogbookEntries" ("UniversityId");
    END IF;
END $EF$;

DO $EF$
BEGIN
    IF NOT EXISTS(SELECT 1 FROM "__EFMigrationsHistory" WHERE "MigrationId" = '20260705070121_Phase2ClinicalAndIntegrations') THEN
    CREATE INDEX "IX_Notifications_UniversityId" ON "Notifications" ("UniversityId");
    END IF;
END $EF$;

DO $EF$
BEGIN
    IF NOT EXISTS(SELECT 1 FROM "__EFMigrationsHistory" WHERE "MigrationId" = '20260705070121_Phase2ClinicalAndIntegrations') THEN
    CREATE INDEX "IX_Notifications_UserId_IsRead" ON "Notifications" ("UserId", "IsRead");
    END IF;
END $EF$;

DO $EF$
BEGIN
    IF NOT EXISTS(SELECT 1 FROM "__EFMigrationsHistory" WHERE "MigrationId" = '20260705070121_Phase2ClinicalAndIntegrations') THEN
    CREATE UNIQUE INDEX "IX_RotationAssignments_RotationId_StudentId" ON "RotationAssignments" ("RotationId", "StudentId");
    END IF;
END $EF$;

DO $EF$
BEGIN
    IF NOT EXISTS(SELECT 1 FROM "__EFMigrationsHistory" WHERE "MigrationId" = '20260705070121_Phase2ClinicalAndIntegrations') THEN
    CREATE INDEX "IX_RotationAssignments_StudentId" ON "RotationAssignments" ("StudentId");
    END IF;
END $EF$;

DO $EF$
BEGIN
    IF NOT EXISTS(SELECT 1 FROM "__EFMigrationsHistory" WHERE "MigrationId" = '20260705070121_Phase2ClinicalAndIntegrations') THEN
    CREATE INDEX "IX_RotationAssignments_UniversityId" ON "RotationAssignments" ("UniversityId");
    END IF;
END $EF$;

DO $EF$
BEGIN
    IF NOT EXISTS(SELECT 1 FROM "__EFMigrationsHistory" WHERE "MigrationId" = '20260705070121_Phase2ClinicalAndIntegrations') THEN
    CREATE INDEX "IX_Rotations_CohortId" ON "Rotations" ("CohortId");
    END IF;
END $EF$;

DO $EF$
BEGIN
    IF NOT EXISTS(SELECT 1 FROM "__EFMigrationsHistory" WHERE "MigrationId" = '20260705070121_Phase2ClinicalAndIntegrations') THEN
    CREATE INDEX "IX_Rotations_HospitalDepartmentId" ON "Rotations" ("HospitalDepartmentId");
    END IF;
END $EF$;

DO $EF$
BEGIN
    IF NOT EXISTS(SELECT 1 FROM "__EFMigrationsHistory" WHERE "MigrationId" = '20260705070121_Phase2ClinicalAndIntegrations') THEN
    CREATE INDEX "IX_Rotations_UniversityId" ON "Rotations" ("UniversityId");
    END IF;
END $EF$;

DO $EF$
BEGIN
    IF NOT EXISTS(SELECT 1 FROM "__EFMigrationsHistory" WHERE "MigrationId" = '20260705070121_Phase2ClinicalAndIntegrations') THEN
    CREATE UNIQUE INDEX "IX_SignOffEscalations_LogbookEntryId" ON "SignOffEscalations" ("LogbookEntryId");
    END IF;
END $EF$;

DO $EF$
BEGIN
    IF NOT EXISTS(SELECT 1 FROM "__EFMigrationsHistory" WHERE "MigrationId" = '20260705070121_Phase2ClinicalAndIntegrations') THEN
    CREATE INDEX "IX_SignOffEscalations_UniversityId" ON "SignOffEscalations" ("UniversityId");
    END IF;
END $EF$;

DO $EF$
BEGIN
    IF NOT EXISTS(SELECT 1 FROM "__EFMigrationsHistory" WHERE "MigrationId" = '20260705070121_Phase2ClinicalAndIntegrations') THEN
    CREATE INDEX "IX_SisRosterSyncRecords_SyncRunId" ON "SisRosterSyncRecords" ("SyncRunId");
    END IF;
END $EF$;

DO $EF$
BEGIN
    IF NOT EXISTS(SELECT 1 FROM "__EFMigrationsHistory" WHERE "MigrationId" = '20260705070121_Phase2ClinicalAndIntegrations') THEN
    CREATE INDEX "IX_SisRosterSyncRuns_UniversityId" ON "SisRosterSyncRuns" ("UniversityId");
    END IF;
END $EF$;

DO $EF$
BEGIN
    IF NOT EXISTS(SELECT 1 FROM "__EFMigrationsHistory" WHERE "MigrationId" = '20260705070121_Phase2ClinicalAndIntegrations') THEN
    CREATE INDEX "IX_SupervisorDelegations_DelegateSupervisorId" ON "SupervisorDelegations" ("DelegateSupervisorId");
    END IF;
END $EF$;

DO $EF$
BEGIN
    IF NOT EXISTS(SELECT 1 FROM "__EFMigrationsHistory" WHERE "MigrationId" = '20260705070121_Phase2ClinicalAndIntegrations') THEN
    CREATE INDEX "IX_SupervisorDelegations_SupervisorId" ON "SupervisorDelegations" ("SupervisorId");
    END IF;
END $EF$;

DO $EF$
BEGIN
    IF NOT EXISTS(SELECT 1 FROM "__EFMigrationsHistory" WHERE "MigrationId" = '20260705070121_Phase2ClinicalAndIntegrations') THEN
    CREATE INDEX "IX_SupervisorDelegations_UniversityId" ON "SupervisorDelegations" ("UniversityId");
    END IF;
END $EF$;

DO $EF$
BEGIN
    IF NOT EXISTS(SELECT 1 FROM "__EFMigrationsHistory" WHERE "MigrationId" = '20260705070121_Phase2ClinicalAndIntegrations') THEN
    CREATE INDEX "IX_Supervisors_HospitalDepartmentId" ON "Supervisors" ("HospitalDepartmentId");
    END IF;
END $EF$;

DO $EF$
BEGIN
    IF NOT EXISTS(SELECT 1 FROM "__EFMigrationsHistory" WHERE "MigrationId" = '20260705070121_Phase2ClinicalAndIntegrations') THEN
    CREATE INDEX "IX_Supervisors_UniversityId" ON "Supervisors" ("UniversityId");
    END IF;
END $EF$;

DO $EF$
BEGIN
    IF NOT EXISTS(SELECT 1 FROM "__EFMigrationsHistory" WHERE "MigrationId" = '20260705070121_Phase2ClinicalAndIntegrations') THEN
    CREATE UNIQUE INDEX "IX_Supervisors_UserId" ON "Supervisors" ("UserId");
    END IF;
END $EF$;

DO $EF$
BEGIN
    IF NOT EXISTS(SELECT 1 FROM "__EFMigrationsHistory" WHERE "MigrationId" = '20260705070121_Phase2ClinicalAndIntegrations') THEN
    CREATE UNIQUE INDEX "IX_TenantIdpConfigs_UniversityId" ON "TenantIdpConfigs" ("UniversityId");
    END IF;
END $EF$;

DO $EF$
BEGIN
    IF NOT EXISTS(SELECT 1 FROM "__EFMigrationsHistory" WHERE "MigrationId" = '20260705070121_Phase2ClinicalAndIntegrations') THEN
    INSERT INTO "__EFMigrationsHistory" ("MigrationId", "ProductVersion")
    VALUES ('20260705070121_Phase2ClinicalAndIntegrations', '10.0.9');
    END IF;
END $EF$;
COMMIT;

START TRANSACTION;

DO $EF$
BEGIN
    IF NOT EXISTS(SELECT 1 FROM "__EFMigrationsHistory" WHERE "MigrationId" = '20260706093527_CertificateTemplate') THEN
    CREATE TABLE "CertificateTemplates" (
        "Id" uuid NOT NULL,
        "Title" character varying(200) NOT NULL,
        "OrganizationName" character varying(200) NOT NULL,
        "Tagline" text NOT NULL,
        "AwardedToLabel" text NOT NULL,
        "BodyText" text NOT NULL,
        "DatePrefix" text NOT NULL,
        "Location" text NOT NULL,
        "FooterLocation" text NOT NULL,
        "WebsiteUrl" text NOT NULL,
        "LeftSignatoryTitle" text NOT NULL,
        "RightSignatoryTitle" text NOT NULL,
        "LogoUrl" text,
        "LeftSignatureImageUrl" text,
        "RightSignatureImageUrl" text,
        "PrimaryColor" text NOT NULL,
        "AccentColor" text NOT NULL,
        "CreatedAt" timestamp with time zone NOT NULL,
        "UpdatedAt" timestamp with time zone,
        CONSTRAINT "PK_CertificateTemplates" PRIMARY KEY ("Id")
    );
    END IF;
END $EF$;

DO $EF$
BEGIN
    IF NOT EXISTS(SELECT 1 FROM "__EFMigrationsHistory" WHERE "MigrationId" = '20260706093527_CertificateTemplate') THEN
    INSERT INTO "__EFMigrationsHistory" ("MigrationId", "ProductVersion")
    VALUES ('20260706093527_CertificateTemplate', '10.0.9');
    END IF;
END $EF$;
COMMIT;

START TRANSACTION;

DO $EF$
BEGIN
    IF NOT EXISTS(SELECT 1 FROM "__EFMigrationsHistory" WHERE "MigrationId" = '20260706102735_StudentSemesterProgress') THEN
    ALTER TABLE "StudentEnrolments" ADD "CurrentSemester" integer NOT NULL DEFAULT 0;
    END IF;
END $EF$;

DO $EF$
BEGIN
    IF NOT EXISTS(SELECT 1 FROM "__EFMigrationsHistory" WHERE "MigrationId" = '20260706102735_StudentSemesterProgress') THEN
    ALTER TABLE "StudentEnrolments" ADD "CurrentYear" integer NOT NULL DEFAULT 0;
    END IF;
END $EF$;

DO $EF$
BEGIN
    IF NOT EXISTS(SELECT 1 FROM "__EFMigrationsHistory" WHERE "MigrationId" = '20260706102735_StudentSemesterProgress') THEN
    INSERT INTO "__EFMigrationsHistory" ("MigrationId", "ProductVersion")
    VALUES ('20260706102735_StudentSemesterProgress', '10.0.9');
    END IF;
END $EF$;
COMMIT;


-- =============================================================================
-- DATA
-- =============================================================================

-- CareTrack LMS data export
-- Generated: 2026-07-07T05:32:04.6297478Z
-- Tables: 52

SET session_replication_role = replica;

-- Table: AspNetRoleClaims (0 rows)

-- Table: AspNetRoles (0 rows)

-- Table: AspNetUserClaims (0 rows)

-- Table: AspNetUserLogins (0 rows)

-- Table: AspNetUserRoles (0 rows)

-- Table: AspNetUserTokens (0 rows)

-- Table: AspNetUsers (12 rows)
INSERT INTO "AspNetUsers" ("Id", "FirstName", "LastName", "Role", "UniversityId", "CohortId", "StudentId", "Status", "InviteToken", "InviteTokenExpiry", "UserName", "NormalizedUserName", "Email", "NormalizedEmail", "EmailConfirmed", "PasswordHash", "SecurityStamp", "ConcurrencyStamp", "PhoneNumber", "PhoneNumberConfirmed", "TwoFactorEnabled", "LockoutEnd", "LockoutEnabled", "AccessFailedCount", "SupervisorId") VALUES ('23d62490-6f40-4853-9eb9-45f78781f53f', 'Apollo', 'Admin', 1, NULL, NULL, NULL, 2, NULL, NULL, 'admin@apollo.edu', 'ADMIN@APOLLO.EDU', 'admin@apollo.edu', 'ADMIN@APOLLO.EDU', TRUE, 'AQAAAAIAAYagAAAAENSkvHFumxmrAK+RrFzl+T9pF5QIt5mHT3bSzic1zM7+oaMKysnVgUDFasAU6IBPrg==', 'O6N4DVX32I3KRQYGGRY24OL6XHBZ6Y7H', '074ccfc0-7015-41f1-b553-299441f26360', NULL, FALSE, FALSE, NULL, TRUE, 0, NULL);
INSERT INTO "AspNetUsers" ("Id", "FirstName", "LastName", "Role", "UniversityId", "CohortId", "StudentId", "Status", "InviteToken", "InviteTokenExpiry", "UserName", "NormalizedUserName", "Email", "NormalizedEmail", "EmailConfirmed", "PasswordHash", "SecurityStamp", "ConcurrencyStamp", "PhoneNumber", "PhoneNumberConfirmed", "TwoFactorEnabled", "LockoutEnd", "LockoutEnabled", "AccessFailedCount", "SupervisorId") VALUES ('0574debf-5ce6-4fa9-b358-f68294f1ded4', 'Apollo', 'Faculty', 2, NULL, NULL, NULL, 2, NULL, NULL, 'faculty@apollo.edu', 'FACULTY@APOLLO.EDU', 'faculty@apollo.edu', 'FACULTY@APOLLO.EDU', TRUE, 'AQAAAAIAAYagAAAAECKpUhB7CUHyG41PvMucddPn/AseMaosEeEwAJguZqUHy8HjibUoFOynliuQMp8PeA==', '6ALRKH2IMXO4HRTZX6O2ZMIOA54GFAVT', '3a32f84c-5e85-4985-b20b-bbab2768ec89', NULL, FALSE, FALSE, NULL, TRUE, 0, NULL);
INSERT INTO "AspNetUsers" ("Id", "FirstName", "LastName", "Role", "UniversityId", "CohortId", "StudentId", "Status", "InviteToken", "InviteTokenExpiry", "UserName", "NormalizedUserName", "Email", "NormalizedEmail", "EmailConfirmed", "PasswordHash", "SecurityStamp", "ConcurrencyStamp", "PhoneNumber", "PhoneNumberConfirmed", "TwoFactorEnabled", "LockoutEnd", "LockoutEnabled", "AccessFailedCount", "SupervisorId") VALUES ('a46204b6-cac4-4600-8236-153145cbf832', 'Meridian', 'Admin', 3, 'ff7d323e-1af5-4f1a-a685-6c701a4e2492', NULL, NULL, 2, NULL, NULL, 'admin@meridian.edu', 'ADMIN@MERIDIAN.EDU', 'admin@meridian.edu', 'ADMIN@MERIDIAN.EDU', TRUE, 'AQAAAAIAAYagAAAAEDzJWwwc/FO3HuHWiwKR8nEOM6j/IwelDEyapH+cHoK+splDF56SElCuHipB7Zf1rQ==', '7GDVEDN2RDG6DOHOOHY3ALRHTJJSUNGF', 'efcd76f0-b42f-4877-97e3-cfdd54df7885', NULL, FALSE, FALSE, NULL, TRUE, 0, NULL);
INSERT INTO "AspNetUsers" ("Id", "FirstName", "LastName", "Role", "UniversityId", "CohortId", "StudentId", "Status", "InviteToken", "InviteTokenExpiry", "UserName", "NormalizedUserName", "Email", "NormalizedEmail", "EmailConfirmed", "PasswordHash", "SecurityStamp", "ConcurrencyStamp", "PhoneNumber", "PhoneNumberConfirmed", "TwoFactorEnabled", "LockoutEnd", "LockoutEnabled", "AccessFailedCount", "SupervisorId") VALUES ('f5af28dd-b9ee-4e0e-8675-bc50535faa1e', 'Dr. Priya', 'Sharma', 5, 'ff7d323e-1af5-4f1a-a685-6c701a4e2492', NULL, NULL, 2, NULL, NULL, 'supervisor@meridian.edu', 'SUPERVISOR@MERIDIAN.EDU', 'supervisor@meridian.edu', 'SUPERVISOR@MERIDIAN.EDU', TRUE, 'AQAAAAIAAYagAAAAENkrUWc9Nj+H8Egkp9+VM64bxGSk7vq+xaTyUet3Gyzqp/Q+Rn2LgyhWSDXv9H7XUg==', 'ETAYN2VBBF6GWDYDRRFW4N4MCGBUHUHF', '7a2afdec-5b43-4e77-b714-0bf8e6480e6f', NULL, FALSE, FALSE, NULL, TRUE, 0, 'd2c22d3e-b2d5-4b02-86f7-9bb6da9f8b84');
INSERT INTO "AspNetUsers" ("Id", "FirstName", "LastName", "Role", "UniversityId", "CohortId", "StudentId", "Status", "InviteToken", "InviteTokenExpiry", "UserName", "NormalizedUserName", "Email", "NormalizedEmail", "EmailConfirmed", "PasswordHash", "SecurityStamp", "ConcurrencyStamp", "PhoneNumber", "PhoneNumberConfirmed", "TwoFactorEnabled", "LockoutEnd", "LockoutEnabled", "AccessFailedCount", "SupervisorId") VALUES ('8bd277db-e67a-477b-85d9-15782131fdf7', 'Arjun', 'Kumar', 4, 'ff7d323e-1af5-4f1a-a685-6c701a4e2492', 'ed8eaff1-7d1f-4cc8-9f3e-aff9719ef30f', '76fb5737-0aa9-445e-b606-e471ffe2dc96', 2, NULL, NULL, 'student@meridian.edu', 'STUDENT@MERIDIAN.EDU', 'student@meridian.edu', 'STUDENT@MERIDIAN.EDU', TRUE, 'AQAAAAIAAYagAAAAEMUOyjix4B+r/L1CxeO8LdSpT3EzAHkwMxq58e+2xnSZ7pOxeCc77zQZlvUxj/AYgg==', 'V23P65WDROAKHLROQ3ELCC24CDDJCH43', 'b0f0ded1-6445-417c-84fa-d9f805d9e771', NULL, FALSE, FALSE, NULL, TRUE, 0, NULL);
INSERT INTO "AspNetUsers" ("Id", "FirstName", "LastName", "Role", "UniversityId", "CohortId", "StudentId", "Status", "InviteToken", "InviteTokenExpiry", "UserName", "NormalizedUserName", "Email", "NormalizedEmail", "EmailConfirmed", "PasswordHash", "SecurityStamp", "ConcurrencyStamp", "PhoneNumber", "PhoneNumberConfirmed", "TwoFactorEnabled", "LockoutEnd", "LockoutEnabled", "AccessFailedCount", "SupervisorId") VALUES ('5b11eb30-57de-4044-bee2-7fd1afbeb574', 'KishoreKumar', 'G', 4, 'ff7d323e-1af5-4f1a-a685-6c701a4e2492', 'ed8eaff1-7d1f-4cc8-9f3e-aff9719ef30f', 'e6b6981f-3959-44a6-af41-4fcca0a3e828', 1, '05f593f5542a43ec89c70f5ef29565ca', '2026-07-13 07:27:46.333423', 'kishore@meridian.edu', 'KISHORE@MERIDIAN.EDU', 'kishore@meridian.edu', 'KISHORE@MERIDIAN.EDU', FALSE, NULL, 'SRJXMBTLGJDUSG7VKEHIZYCT66BBERM7', '717629dc-f9d3-459a-bbca-2aacccf62c9f', NULL, FALSE, FALSE, NULL, TRUE, 0, NULL);
INSERT INTO "AspNetUsers" ("Id", "FirstName", "LastName", "Role", "UniversityId", "CohortId", "StudentId", "Status", "InviteToken", "InviteTokenExpiry", "UserName", "NormalizedUserName", "Email", "NormalizedEmail", "EmailConfirmed", "PasswordHash", "SecurityStamp", "ConcurrencyStamp", "PhoneNumber", "PhoneNumberConfirmed", "TwoFactorEnabled", "LockoutEnd", "LockoutEnabled", "AccessFailedCount", "SupervisorId") VALUES ('fe2f6ff5-b4cf-4dba-a785-4d75c1471ba7', 'Maaran', 'P', 4, 'ff7d323e-1af5-4f1a-a685-6c701a4e2492', '8cfc92ad-71c7-40bd-b8f4-67ee3852dc7d', '8d9e2351-107d-4b84-b0ff-a1ed9c530933', 2, NULL, NULL, 'maaran@meridian.edu', 'MAARAN@MERIDIAN.EDU', 'maaran@meridian.edu', 'MAARAN@MERIDIAN.EDU', TRUE, 'AQAAAAIAAYagAAAAEOiujI80PHXWty5BQQXD181ygMtYXlEeS/2Fbaxs1eUth8hW0Mpsq2k9r+TvYaa2qA==', '3PBJ3BPHCIRPXUHADZNGUV2TFYD6SURU', '401fcb2b-06db-4269-adcf-e5d7f8d3d43b', NULL, FALSE, FALSE, NULL, TRUE, 0, NULL);
INSERT INTO "AspNetUsers" ("Id", "FirstName", "LastName", "Role", "UniversityId", "CohortId", "StudentId", "Status", "InviteToken", "InviteTokenExpiry", "UserName", "NormalizedUserName", "Email", "NormalizedEmail", "EmailConfirmed", "PasswordHash", "SecurityStamp", "ConcurrencyStamp", "PhoneNumber", "PhoneNumberConfirmed", "TwoFactorEnabled", "LockoutEnd", "LockoutEnabled", "AccessFailedCount", "SupervisorId") VALUES ('491fe3b3-470f-4f6a-ae59-1d2dcc73221d', 'Mujay', 'M', 4, 'ff7d323e-1af5-4f1a-a685-6c701a4e2492', '8cfc92ad-71c7-40bd-b8f4-67ee3852dc7d', 'a8c71726-c64e-4bac-86e9-4a48bc0ffa60', 2, NULL, NULL, 'mujay@meridian.edu', 'MUJAY@MERIDIAN.EDU', 'mujay@meridian.edu', 'MUJAY@MERIDIAN.EDU', TRUE, 'AQAAAAIAAYagAAAAEEK0gwuQPGGKrqnqzwEyMYJ+VAc3FrqvQ1iDcO+DWT9rjxPsQbhZu6Hz3DbjiOIvsA==', '5LLKSLXRJXLWKH4Y25VUMFASAOS3XHTB', 'b8768e78-e42b-4be7-82b9-090d12865b70', NULL, FALSE, FALSE, NULL, TRUE, 0, NULL);
INSERT INTO "AspNetUsers" ("Id", "FirstName", "LastName", "Role", "UniversityId", "CohortId", "StudentId", "Status", "InviteToken", "InviteTokenExpiry", "UserName", "NormalizedUserName", "Email", "NormalizedEmail", "EmailConfirmed", "PasswordHash", "SecurityStamp", "ConcurrencyStamp", "PhoneNumber", "PhoneNumberConfirmed", "TwoFactorEnabled", "LockoutEnd", "LockoutEnabled", "AccessFailedCount", "SupervisorId") VALUES ('49436dff-f678-4191-aa61-69e6a4e17c86', 'Admin', 'MIT', 3, '2c3eb180-4c88-4698-8832-5a3940efc556', NULL, NULL, 2, NULL, NULL, 'admin@mit.edu', 'ADMIN@MIT.EDU', 'admin@mit.edu', 'ADMIN@MIT.EDU', TRUE, 'AQAAAAIAAYagAAAAEHspYdvYV5p5YTIYMnbOLXn5V6UEkGhsCcUjbqGnni+Z3u17dtQjtPUojbUuZs/fMQ==', 'TPKE2MNF7SA7C2N4OPIDXIPFKKA4UZQ5', 'a36c139d-1a19-441d-a1cb-8aef9afac9a1', NULL, FALSE, FALSE, NULL, TRUE, 0, NULL);
INSERT INTO "AspNetUsers" ("Id", "FirstName", "LastName", "Role", "UniversityId", "CohortId", "StudentId", "Status", "InviteToken", "InviteTokenExpiry", "UserName", "NormalizedUserName", "Email", "NormalizedEmail", "EmailConfirmed", "PasswordHash", "SecurityStamp", "ConcurrencyStamp", "PhoneNumber", "PhoneNumberConfirmed", "TwoFactorEnabled", "LockoutEnd", "LockoutEnabled", "AccessFailedCount", "SupervisorId") VALUES ('d4117d14-1202-4977-b02b-652896b8fdea', 'PrasanaVenkatesh', 'V', 4, '2c3eb180-4c88-4698-8832-5a3940efc556', '4c547697-0727-4e7b-84e8-67539fb55e6f', '7bfe1f79-9afe-4935-973b-6bfb5e9a170f', 2, NULL, NULL, 'venki@mit.edu', 'VENKI@MIT.EDU', 'venki@mit.edu', 'VENKI@MIT.EDU', TRUE, 'AQAAAAIAAYagAAAAEKMZKCpaVnTexx7jtvGqLTDCYerGZheimlTS9gl+szQssOPFhITk+454o1+xHIj2Jg==', 'KULXWJADRAG4FGWRZ53PU3SJCK4GHKMQ', '9c838b09-795e-4166-88d0-56202741c91b', NULL, FALSE, FALSE, NULL, TRUE, 0, NULL);
INSERT INTO "AspNetUsers" ("Id", "FirstName", "LastName", "Role", "UniversityId", "CohortId", "StudentId", "Status", "InviteToken", "InviteTokenExpiry", "UserName", "NormalizedUserName", "Email", "NormalizedEmail", "EmailConfirmed", "PasswordHash", "SecurityStamp", "ConcurrencyStamp", "PhoneNumber", "PhoneNumberConfirmed", "TwoFactorEnabled", "LockoutEnd", "LockoutEnabled", "AccessFailedCount", "SupervisorId") VALUES ('af43ff1a-8e43-4328-a10b-85af554f8b3c', 'Admin', 'SRM', 3, 'cdfa0ea3-934b-4189-a31f-9110135626e8', NULL, NULL, 2, NULL, NULL, 'admin@srm.edu', 'ADMIN@SRM.EDU', 'admin@srm.edu', 'ADMIN@SRM.EDU', TRUE, 'AQAAAAIAAYagAAAAEGq6vvlx/6JXwrXxJpeK1dGPt2f7+aT3gfMsScP2CVqM7+6hCGb9XPbTzOv2y3P7yQ==', 'IOSSRMKCVYOEABDIGSIUIG2S3JSXVSTK', '9687a5a8-4a57-44a6-8a41-5fcf8f376cbc', NULL, FALSE, FALSE, NULL, TRUE, 0, NULL);
INSERT INTO "AspNetUsers" ("Id", "FirstName", "LastName", "Role", "UniversityId", "CohortId", "StudentId", "Status", "InviteToken", "InviteTokenExpiry", "UserName", "NormalizedUserName", "Email", "NormalizedEmail", "EmailConfirmed", "PasswordHash", "SecurityStamp", "ConcurrencyStamp", "PhoneNumber", "PhoneNumberConfirmed", "TwoFactorEnabled", "LockoutEnd", "LockoutEnabled", "AccessFailedCount", "SupervisorId") VALUES ('cb043408-4c05-4b34-94b2-1850da370a83', 'Murali', 's', 4, 'cdfa0ea3-934b-4189-a31f-9110135626e8', '018ca9fa-f838-4bd2-8d2c-b397f6516aaa', 'a7285de0-f597-4e85-9c2f-1d3ad9e450fc', 2, NULL, NULL, 'murai@srm.edu', 'MURAI@SRM.EDU', 'murai@srm.edu', 'MURAI@SRM.EDU', TRUE, 'AQAAAAIAAYagAAAAEDxcIgbj0x8mvwbpkLDdPSRmtA1BizlN86PBt3C5oMiV1NK6+GDAZJYzzO7CfA2k1Q==', '72S6334YHPLUNF5ZFL54HMECDUUASKGN', '97c48e20-8a40-4335-ae7e-1f22ea05a7d5', NULL, FALSE, FALSE, NULL, TRUE, 0, NULL);

-- Table: AssessmentContentVersions (0 rows)

-- Table: AttendanceRecords (0 rows)

-- Table: CalendarEvents (1 rows)
INSERT INTO "CalendarEvents" ("Id", "UniversityId", "CohortId", "Title", "Description", "StartAt", "EndAt", "EventType", "RelatedModuleId", "RelatedRotationId", "CreatedAt", "UpdatedAt") VALUES ('48ee8463-e9f9-41f9-8a99-9bc48fb4639a', 'ff7d323e-1af5-4f1a-a685-6c701a4e2492', 'ed8eaff1-7d1f-4cc8-9f3e-aff9719ef30f', 'Live class — Cardiovascular intro', 'Interactive session with faculty', '2026-07-05 09:00:00.000000', '2026-07-05 10:00:00.000000', 1, NULL, NULL, '2026-07-05 07:02:17.973863', NULL);

-- Table: CertificateTemplates (1 rows)
INSERT INTO "CertificateTemplates" ("Id", "Title", "OrganizationName", "Tagline", "AwardedToLabel", "BodyText", "DatePrefix", "Location", "FooterLocation", "WebsiteUrl", "LeftSignatoryTitle", "RightSignatoryTitle", "LogoUrl", "LeftSignatureImageUrl", "RightSignatureImageUrl", "PrimaryColor", "AccentColor", "CreatedAt", "UpdatedAt") VALUES ('4b1ec099-4df5-46ee-8653-0205d3735723', 'CERTIFICATE OF COMPLETION', 'APOLLO HOSPITALS', 'TOUCHING LIVES', 'Awarded To', 'In recognition of successful completion of the training program: {ProgrammeName}, demonstrating proficiency and dedication during the course.', 'Given at', 'Chennai, India', 'APOLLO HOSPITALS, Chennai, Tamil Nadu', 'www.apollohospitals.com', 'Director of Medical Education, Apollo Hospitals', 'Chief Operating Officer, Apollo Hospitals', NULL, NULL, NULL, '#003366', '#C9A227', '2026-07-06 10:14:00.429364', NULL);

-- Table: Certificates (5 rows)
INSERT INTO "Certificates" ("Id", "StudentId", "ProgrammeId", "CertificateNumber", "IssuedAt", "PdfBlobUrl", "CreatedAt", "UpdatedAt") VALUES ('36fc3a81-93d9-4fdc-844f-fb5148e8cece', '8d9e2351-107d-4b84-b0ff-a1ed9c530933', '4965bb3c-a14c-4042-892f-3d871b8d9543', 'CT-2026-253FE79908B2', '2026-07-06 09:18:25.726487', '/uploads/cf92d78953014ed1a2cfc1eab9f39558_CT-2026-253FE79908B2.pdf', '2026-07-06 09:18:25.726489', NULL);
INSERT INTO "Certificates" ("Id", "StudentId", "ProgrammeId", "CertificateNumber", "IssuedAt", "PdfBlobUrl", "CreatedAt", "UpdatedAt") VALUES ('e36da2f1-109a-4857-ad88-dd6c79399fa3', '8d9e2351-107d-4b84-b0ff-a1ed9c530933', '4965bb3c-a14c-4042-892f-3d871b8d9543', 'CT-2026-A4C7615FD3B0', '2026-07-06 09:18:25.726432', '/uploads/4e67819074f2410ba1258f3b8a71491d_CT-2026-A4C7615FD3B0.pdf', '2026-07-06 09:18:25.726436', NULL);
INSERT INTO "Certificates" ("Id", "StudentId", "ProgrammeId", "CertificateNumber", "IssuedAt", "PdfBlobUrl", "CreatedAt", "UpdatedAt") VALUES ('47ed10eb-78dd-4f06-aef5-bd1c1a3ae79b', 'a8c71726-c64e-4bac-86e9-4a48bc0ffa60', 'b6fb3916-2605-4c67-9c9b-112a6e9429a6', 'CT-2026-381828C5BD17', '2026-07-06 10:14:00.465257', '/uploads/1738683b1fc34ffda2e33dad838a6a55_CT-2026-381828C5BD17.pdf', '2026-07-06 10:14:02.440141', NULL);
INSERT INTO "Certificates" ("Id", "StudentId", "ProgrammeId", "CertificateNumber", "IssuedAt", "PdfBlobUrl", "CreatedAt", "UpdatedAt") VALUES ('bbcf263e-7ef5-411e-b9ad-cc18c12d4886', '7bfe1f79-9afe-4935-973b-6bfb5e9a170f', '4965bb3c-a14c-4042-892f-3d871b8d9543', 'CT-2026-09D4CAFD6C96', '2026-07-06 11:48:51.421615', '/uploads/a91f8f361fda4a37b55e9b311a42e631_CT-2026-09D4CAFD6C96.pdf', '2026-07-06 11:48:52.895181', NULL);
INSERT INTO "Certificates" ("Id", "StudentId", "ProgrammeId", "CertificateNumber", "IssuedAt", "PdfBlobUrl", "CreatedAt", "UpdatedAt") VALUES ('d6bb4a0e-07f4-4c7d-8c41-dc6b6ac7dad4', 'a7285de0-f597-4e85-9c2f-1d3ad9e450fc', 'b35bb8ab-ea15-4b52-87a3-0a087ae5cebc', 'CT-2026-72299E99C383', '2026-07-07 05:24:27.240754', '/uploads/60c456538ab64537bcbf2dc3f13876a2_CT-2026-72299E99C383.pdf', '2026-07-07 05:24:28.226467', NULL);

-- Table: Cohorts (9 rows)
INSERT INTO "Cohorts" ("Id", "UniversityId", "ProgrammeId", "Name", "IntakeYear", "CurrentYear", "CurrentSemester", "IsActive", "CreatedAt", "UpdatedAt") VALUES ('ed8eaff1-7d1f-4cc8-9f3e-aff9719ef30f', 'ff7d323e-1af5-4f1a-a685-6c701a4e2492', 'f56e2f7f-fcc2-4ae0-8b68-ae4371ba31bb', '2026 Intake', 2026, 1, 1, TRUE, '2026-07-05 06:19:52.918224', NULL);
INSERT INTO "Cohorts" ("Id", "UniversityId", "ProgrammeId", "Name", "IntakeYear", "CurrentYear", "CurrentSemester", "IsActive", "CreatedAt", "UpdatedAt") VALUES ('87fd2238-0199-4134-b940-8040a289873f', 'ff7d323e-1af5-4f1a-a685-6c701a4e2492', 'f56e2f7f-fcc2-4ae0-8b68-ae4371ba31bb', '2026', 2026, 1, 1, TRUE, '2026-07-06 07:31:18.921082', NULL);
INSERT INTO "Cohorts" ("Id", "UniversityId", "ProgrammeId", "Name", "IntakeYear", "CurrentYear", "CurrentSemester", "IsActive", "CreatedAt", "UpdatedAt") VALUES ('a9e0498c-a468-474b-b419-2246da5f0a83', 'ff7d323e-1af5-4f1a-a685-6c701a4e2492', 'f56e2f7f-fcc2-4ae0-8b68-ae4371ba31bb', 'BSC Allied Health', 2026, 1, 1, TRUE, '2026-07-06 07:32:00.075510', NULL);
INSERT INTO "Cohorts" ("Id", "UniversityId", "ProgrammeId", "Name", "IntakeYear", "CurrentYear", "CurrentSemester", "IsActive", "CreatedAt", "UpdatedAt") VALUES ('7ff9e477-d642-4b8e-bc8e-2d92556246cc', 'ff7d323e-1af5-4f1a-a685-6c701a4e2492', '4965bb3c-a14c-4042-892f-3d871b8d9543', 'BSC Nursing 2026 intake', 2026, 1, 1, TRUE, '2026-07-06 08:46:29.230272', NULL);
INSERT INTO "Cohorts" ("Id", "UniversityId", "ProgrammeId", "Name", "IntakeYear", "CurrentYear", "CurrentSemester", "IsActive", "CreatedAt", "UpdatedAt") VALUES ('8cfc92ad-71c7-40bd-b8f4-67ee3852dc7d', 'ff7d323e-1af5-4f1a-a685-6c701a4e2492', 'b6fb3916-2605-4c67-9c9b-112a6e9429a6', 'BSC Nutr 1 ', 2026, 1, 1, TRUE, '2026-07-06 09:53:33.005624', NULL);
INSERT INTO "Cohorts" ("Id", "UniversityId", "ProgrammeId", "Name", "IntakeYear", "CurrentYear", "CurrentSemester", "IsActive", "CreatedAt", "UpdatedAt") VALUES ('4c547697-0727-4e7b-84e8-67539fb55e6f', '2c3eb180-4c88-4698-8832-5a3940efc556', '4965bb3c-a14c-4042-892f-3d871b8d9543', '2026 Intake', 2026, 1, 1, TRUE, '2026-07-06 11:08:47.719913', NULL);
INSERT INTO "Cohorts" ("Id", "UniversityId", "ProgrammeId", "Name", "IntakeYear", "CurrentYear", "CurrentSemester", "IsActive", "CreatedAt", "UpdatedAt") VALUES ('29c08f11-e80b-4539-b3e8-440635fbe303', 'cdfa0ea3-934b-4189-a31f-9110135626e8', '4965bb3c-a14c-4042-892f-3d871b8d9543', '2026 Intake', 2026, 1, 1, TRUE, '2026-07-06 14:00:07.220038', NULL);
INSERT INTO "Cohorts" ("Id", "UniversityId", "ProgrammeId", "Name", "IntakeYear", "CurrentYear", "CurrentSemester", "IsActive", "CreatedAt", "UpdatedAt") VALUES ('d9d4b914-0a8f-438e-87a8-dd4a9da9ddd1', '2c3eb180-4c88-4698-8832-5a3940efc556', 'b35bb8ab-ea15-4b52-87a3-0a087ae5cebc', 'DMLT 2026 Intake', 2026, 1, 1, TRUE, '2026-07-07 05:17:22.558923', NULL);
INSERT INTO "Cohorts" ("Id", "UniversityId", "ProgrammeId", "Name", "IntakeYear", "CurrentYear", "CurrentSemester", "IsActive", "CreatedAt", "UpdatedAt") VALUES ('018ca9fa-f838-4bd2-8d2c-b397f6516aaa', 'cdfa0ea3-934b-4189-a31f-9110135626e8', 'b35bb8ab-ea15-4b52-87a3-0a087ae5cebc', 'DMLT 2026 Intake', 2026, 1, 1, TRUE, '2026-07-07 05:20:25.165993', NULL);

-- Table: ContentPublications (9 rows)
INSERT INTO "ContentPublications" ("Id", "LessonId", "UniversityId", "PublishedAt", "PublishedByUserId", "CreatedAt", "UpdatedAt") VALUES ('0f6acb39-2f73-480a-92bf-66784a3335d0', 'db43f2c2-d493-472c-91fc-45c41d885ca7', 'ff7d323e-1af5-4f1a-a685-6c701a4e2492', '2026-07-06 06:43:28.603333', '23d62490-6f40-4853-9eb9-45f78781f53f', '2026-07-06 06:43:28.603337', NULL);
INSERT INTO "ContentPublications" ("Id", "LessonId", "UniversityId", "PublishedAt", "PublishedByUserId", "CreatedAt", "UpdatedAt") VALUES ('d805af57-e8c5-4694-a4cb-d3a5ad6e4a88', '76f039ef-2e11-4c25-9283-d2f28573177b', 'ff7d323e-1af5-4f1a-a685-6c701a4e2492', '2026-07-06 07:45:47.070342', '23d62490-6f40-4853-9eb9-45f78781f53f', '2026-07-06 07:45:47.070348', NULL);
INSERT INTO "ContentPublications" ("Id", "LessonId", "UniversityId", "PublishedAt", "PublishedByUserId", "CreatedAt", "UpdatedAt") VALUES ('a8ac04dc-5c4a-454e-bc62-346679de344d', '3aa68a3d-1e9d-490a-bfc7-5c420897d8ff', 'ff7d323e-1af5-4f1a-a685-6c701a4e2492', '2026-07-06 08:34:21.958298', '23d62490-6f40-4853-9eb9-45f78781f53f', '2026-07-06 08:34:21.958303', NULL);
INSERT INTO "ContentPublications" ("Id", "LessonId", "UniversityId", "PublishedAt", "PublishedByUserId", "CreatedAt", "UpdatedAt") VALUES ('a1c6b5b8-fbfc-443d-a40f-da815772ec3c', 'ad723592-28ce-4cc3-b174-91cb8de9d04a', 'ff7d323e-1af5-4f1a-a685-6c701a4e2492', '2026-07-06 09:48:03.375365', '23d62490-6f40-4853-9eb9-45f78781f53f', '2026-07-06 09:48:03.375370', NULL);
INSERT INTO "ContentPublications" ("Id", "LessonId", "UniversityId", "PublishedAt", "PublishedByUserId", "CreatedAt", "UpdatedAt") VALUES ('d83d8584-4bef-4dbe-b01d-9f41ce8e09e2', '7f15ce88-cce7-4ccc-9c1c-70005e028774', '2c3eb180-4c88-4698-8832-5a3940efc556', '2026-07-06 11:08:47.656086', '23d62490-6f40-4853-9eb9-45f78781f53f', '2026-07-06 11:08:47.656090', NULL);
INSERT INTO "ContentPublications" ("Id", "LessonId", "UniversityId", "PublishedAt", "PublishedByUserId", "CreatedAt", "UpdatedAt") VALUES ('ba302e00-7088-4e86-ae80-785f3bbfe53a', '47218d88-c387-4f03-998e-9efe476e25af', '2c3eb180-4c88-4698-8832-5a3940efc556', '2026-07-06 14:09:37.979896', '23d62490-6f40-4853-9eb9-45f78781f53f', '2026-07-06 14:09:37.979899', NULL);
INSERT INTO "ContentPublications" ("Id", "LessonId", "UniversityId", "PublishedAt", "PublishedByUserId", "CreatedAt", "UpdatedAt") VALUES ('188f6955-0dc9-4642-ac6d-78c4998be889', '913203b7-bcbd-4126-839e-0129a3b991c4', 'cdfa0ea3-934b-4189-a31f-9110135626e8', '2026-07-07 04:52:00.561438', '23d62490-6f40-4853-9eb9-45f78781f53f', '2026-07-07 04:52:00.561443', NULL);
INSERT INTO "ContentPublications" ("Id", "LessonId", "UniversityId", "PublishedAt", "PublishedByUserId", "CreatedAt", "UpdatedAt") VALUES ('05b789b0-d061-4843-96a9-0415bb120213', '913203b7-bcbd-4126-839e-0129a3b991c4', '2c3eb180-4c88-4698-8832-5a3940efc556', '2026-07-07 05:17:22.461106', '23d62490-6f40-4853-9eb9-45f78781f53f', '2026-07-07 05:17:22.461108', NULL);
INSERT INTO "ContentPublications" ("Id", "LessonId", "UniversityId", "PublishedAt", "PublishedByUserId", "CreatedAt", "UpdatedAt") VALUES ('1e4b7078-038a-40c2-b7ad-c7cebb6c0b99', 'd920ecfd-d99d-4cc7-9738-7ae811ecfa37', 'cdfa0ea3-934b-4189-a31f-9110135626e8', '2026-07-07 05:20:25.151099', '23d62490-6f40-4853-9eb9-45f78781f53f', '2026-07-07 05:20:25.151103', NULL);

-- Table: ContentVersions (0 rows)

-- Table: DiscussionPosts (0 rows)

-- Table: DiscussionThreads (0 rows)

-- Table: GradeSyncRecords (0 rows)

-- Table: GradeSyncRequests (0 rows)

-- Table: HospitalAttendanceFeeds (0 rows)

-- Table: HospitalDepartments (1 rows)
INSERT INTO "HospitalDepartments" ("Id", "UniversityId", "Name", "Code", "CapacityPerMonth", "IsActive", "CreatedAt", "UpdatedAt") VALUES ('3376fd2c-ed24-4b2d-942e-083d0b62d07d', 'ff7d323e-1af5-4f1a-a685-6c701a4e2492', 'Cardiology', 'CARD', 40, TRUE, '2026-07-05 07:02:16.549509', NULL);

-- Table: LessonAssets (9 rows)
INSERT INTO "LessonAssets" ("Id", "LessonId", "AssetType", "FileName", "BlobUrl", "ContentType", "FileSizeBytes", "CreatedAt", "UpdatedAt") VALUES ('b1420cd4-5904-4f35-912f-9819e2920c92', '7933dc4b-b9a6-4e8c-a285-17bc1b2ee78c', 2, 'SampleNursingPDF.pdf', '/uploads/6509ee4207754564b55534b35a5cdc13_SampleNursingPDF.pdf', 'application/pdf', 2267001, '2026-07-06 06:40:48.178894', NULL);
INSERT INTO "LessonAssets" ("Id", "LessonId", "AssetType", "FileName", "BlobUrl", "ContentType", "FileSizeBytes", "CreatedAt", "UpdatedAt") VALUES ('3fbeff32-be23-4acc-8298-33e0f986d222', 'db43f2c2-d493-472c-91fc-45c41d885ca7', 2, 'SampleNursingPDF.pdf', '/uploads/d8d177c45ce549f0a2303df5a5e16f2b_SampleNursingPDF.pdf', 'application/pdf', 2267001, '2026-07-06 06:42:52.760573', NULL);
INSERT INTO "LessonAssets" ("Id", "LessonId", "AssetType", "FileName", "BlobUrl", "ContentType", "FileSizeBytes", "CreatedAt", "UpdatedAt") VALUES ('30883555-999d-4610-8ad1-db5d848f5eaa', '76f039ef-2e11-4c25-9283-d2f28573177b', 2, 'SampleNursingPDF.pdf', '/uploads/a9a22633dfa843a885e54e4157678c55_SampleNursingPDF.pdf', 'application/pdf', 2267001, '2026-07-06 07:45:25.106206', NULL);
INSERT INTO "LessonAssets" ("Id", "LessonId", "AssetType", "FileName", "BlobUrl", "ContentType", "FileSizeBytes", "CreatedAt", "UpdatedAt") VALUES ('da8c03b9-5f20-4b9b-b127-fd1610920e8d', 'a5354593-30be-4746-9ecc-c859ac86dad5', 2, 'SampleNursingPDF.pdf', '/uploads/4538cbcd251f496592d96e69d35963d9_SampleNursingPDF.pdf', 'application/pdf', 2267001, '2026-07-06 07:49:09.050911', NULL);
INSERT INTO "LessonAssets" ("Id", "LessonId", "AssetType", "FileName", "BlobUrl", "ContentType", "FileSizeBytes", "CreatedAt", "UpdatedAt") VALUES ('2359756b-12c4-4f56-b61f-95fc04c5472b', '3aa68a3d-1e9d-490a-bfc7-5c420897d8ff', 2, 'SampleNursingPDF.pdf', '/uploads/7e008f0036f94f5789914e3588dcb647_SampleNursingPDF.pdf', 'application/pdf', 2267001, '2026-07-06 08:34:12.665414', NULL);
INSERT INTO "LessonAssets" ("Id", "LessonId", "AssetType", "FileName", "BlobUrl", "ContentType", "FileSizeBytes", "CreatedAt", "UpdatedAt") VALUES ('1d440f81-5346-47aa-99fc-398d0ca2601c', 'ad723592-28ce-4cc3-b174-91cb8de9d04a', 2, 'SampleNursingPDF.pdf', '/uploads/f2798ed3aaaf448b96fefe2fd26e9ae0_SampleNursingPDF.pdf', 'application/pdf', 2267001, '2026-07-06 09:47:41.408305', NULL);
INSERT INTO "LessonAssets" ("Id", "LessonId", "AssetType", "FileName", "BlobUrl", "ContentType", "FileSizeBytes", "CreatedAt", "UpdatedAt") VALUES ('61d3cb8c-573f-4d50-a379-417d6a2227a7', '7f15ce88-cce7-4ccc-9c1c-70005e028774', 2, 'SampleNursingPDF.pdf', '/uploads/37ae30d309364b4a9676f409fda9fd8d_SampleNursingPDF.pdf', 'application/pdf', 2267001, '2026-07-06 11:08:37.333556', NULL);
INSERT INTO "LessonAssets" ("Id", "LessonId", "AssetType", "FileName", "BlobUrl", "ContentType", "FileSizeBytes", "CreatedAt", "UpdatedAt") VALUES ('4bc5d6e1-5c76-47c7-8ab0-604ab4995431', '913203b7-bcbd-4126-839e-0129a3b991c4', 2, 'SampleNursingPDF.pdf', '/uploads/6b5882a5ccb1472cb4adf54a3e493974_SampleNursingPDF.pdf', 'application/pdf', 2267001, '2026-07-07 04:51:51.329139', NULL);
INSERT INTO "LessonAssets" ("Id", "LessonId", "AssetType", "FileName", "BlobUrl", "ContentType", "FileSizeBytes", "CreatedAt", "UpdatedAt") VALUES ('2c615392-956b-495d-b5b2-081952124ef8', 'd920ecfd-d99d-4cc7-9738-7ae811ecfa37', 2, 'SampleNursingPDF.pdf', '/uploads/7e07009ae77147bab55e913bfbcd6def_SampleNursingPDF.pdf', 'application/pdf', 2267001, '2026-07-07 05:20:15.487390', NULL);

-- Table: LessonProgresses (8 rows)
INSERT INTO "LessonProgresses" ("Id", "StudentId", "LessonId", "Status", "ProgressPercent", "WatchedSeconds", "CompletedAt", "LastActivityAt", "CreatedAt", "UpdatedAt") VALUES ('ca7cda0d-5019-448b-bd72-689798302fec', '8d9e2351-107d-4b84-b0ff-a1ed9c530933', 'db43f2c2-d493-472c-91fc-45c41d885ca7', 3, 100, 0, '2026-07-06 09:03:19.653563', '2026-07-06 09:03:19.653643', '2026-07-06 09:03:19.613161', '2026-07-06 09:03:19.653711');
INSERT INTO "LessonProgresses" ("Id", "StudentId", "LessonId", "Status", "ProgressPercent", "WatchedSeconds", "CompletedAt", "LastActivityAt", "CreatedAt", "UpdatedAt") VALUES ('162fde1e-c208-4200-b874-abe5d231b8e4', '8d9e2351-107d-4b84-b0ff-a1ed9c530933', '76f039ef-2e11-4c25-9283-d2f28573177b', 3, 100, 0, '2026-07-06 09:03:19.773160', '2026-07-06 09:03:19.773161', '2026-07-06 09:03:19.771692', '2026-07-06 09:03:19.773161');
INSERT INTO "LessonProgresses" ("Id", "StudentId", "LessonId", "Status", "ProgressPercent", "WatchedSeconds", "CompletedAt", "LastActivityAt", "CreatedAt", "UpdatedAt") VALUES ('76748261-d98f-4aea-bf3b-10c4bc7e1ab1', '8d9e2351-107d-4b84-b0ff-a1ed9c530933', '3aa68a3d-1e9d-490a-bfc7-5c420897d8ff', 3, 100, 0, '2026-07-06 09:03:19.785280', '2026-07-06 09:03:19.785281', '2026-07-06 09:03:19.785000', '2026-07-06 09:03:19.785281');
INSERT INTO "LessonProgresses" ("Id", "StudentId", "LessonId", "Status", "ProgressPercent", "WatchedSeconds", "CompletedAt", "LastActivityAt", "CreatedAt", "UpdatedAt") VALUES ('e6c4d3bd-60b1-4caa-8246-fd0787021ecc', 'a8c71726-c64e-4bac-86e9-4a48bc0ffa60', 'ad723592-28ce-4cc3-b174-91cb8de9d04a', 3, 100, 0, '2026-07-06 10:13:52.455077', '2026-07-06 10:13:52.455139', '2026-07-06 10:13:52.431744', '2026-07-06 10:13:52.455190');
INSERT INTO "LessonProgresses" ("Id", "StudentId", "LessonId", "Status", "ProgressPercent", "WatchedSeconds", "CompletedAt", "LastActivityAt", "CreatedAt", "UpdatedAt") VALUES ('bfc30c57-c429-4c2d-a21a-ac6c715fdfec', '7bfe1f79-9afe-4935-973b-6bfb5e9a170f', '7f15ce88-cce7-4ccc-9c1c-70005e028774', 3, 100, 0, '2026-07-06 11:12:30.186964', '2026-07-06 11:12:30.186964', '2026-07-06 11:12:18.101601', '2026-07-06 11:12:30.186964');
INSERT INTO "LessonProgresses" ("Id", "StudentId", "LessonId", "Status", "ProgressPercent", "WatchedSeconds", "CompletedAt", "LastActivityAt", "CreatedAt", "UpdatedAt") VALUES ('42eced5b-56a4-4fde-8f70-72d839f9e625', 'a7285de0-f597-4e85-9c2f-1d3ad9e450fc', '7f15ce88-cce7-4ccc-9c1c-70005e028774', 3, 100, 0, '2026-07-06 14:13:06.905216', '2026-07-06 14:13:06.905291', '2026-07-06 14:13:06.820169', '2026-07-06 14:13:06.905374');
INSERT INTO "LessonProgresses" ("Id", "StudentId", "LessonId", "Status", "ProgressPercent", "WatchedSeconds", "CompletedAt", "LastActivityAt", "CreatedAt", "UpdatedAt") VALUES ('01209f76-236b-4a6e-aa0d-62221103fd62', 'a7285de0-f597-4e85-9c2f-1d3ad9e450fc', '47218d88-c387-4f03-998e-9efe476e25af', 3, 100, 0, '2026-07-06 14:15:25.423214', '2026-07-06 14:15:25.423215', '2026-07-06 14:15:25.422775', '2026-07-06 14:15:25.423215');
INSERT INTO "LessonProgresses" ("Id", "StudentId", "LessonId", "Status", "ProgressPercent", "WatchedSeconds", "CompletedAt", "LastActivityAt", "CreatedAt", "UpdatedAt") VALUES ('0c8a7878-3896-4bda-9b90-d1a76868e9ef', 'a7285de0-f597-4e85-9c2f-1d3ad9e450fc', 'd920ecfd-d99d-4cc7-9738-7ae811ecfa37', 3, 100, 0, '2026-07-07 05:24:13.127483', '2026-07-07 05:24:13.127601', '2026-07-07 05:24:13.093358', '2026-07-07 05:24:13.127688');

-- Table: Lessons (14 rows)
INSERT INTO "Lessons" ("Id", "ModuleId", "Title", "Description", "Status", "SortOrder", "CreatedByUserId", "DurationSeconds", "CreatedAt", "UpdatedAt") VALUES ('afa4f543-a3f7-4427-b71d-15a3f23bb4f6', '35acc8d8-53aa-4979-93c3-7ceeff88af60', 'ljio', '', 1, 1, '23d62490-6f40-4853-9eb9-45f78781f53f', NULL, '2026-07-06 05:04:58.276852', NULL);
INSERT INTO "Lessons" ("Id", "ModuleId", "Title", "Description", "Status", "SortOrder", "CreatedByUserId", "DurationSeconds", "CreatedAt", "UpdatedAt") VALUES ('862f2a13-977b-438b-a187-c997346b94f0', '361fb341-7793-4980-a132-63e7842d0d11', 'Intro', '', 1, 1, '23d62490-6f40-4853-9eb9-45f78781f53f', NULL, '2026-07-06 05:07:46.397839', NULL);
INSERT INTO "Lessons" ("Id", "ModuleId", "Title", "Description", "Status", "SortOrder", "CreatedByUserId", "DurationSeconds", "CreatedAt", "UpdatedAt") VALUES ('7933dc4b-b9a6-4e8c-a285-17bc1b2ee78c', 'c52558d9-6614-4214-9b13-f34c11b1270a', 'Introduction about Nursing', '', 2, 1, '23d62490-6f40-4853-9eb9-45f78781f53f', NULL, '2026-07-06 06:37:13.397038', '2026-07-06 06:41:41.718577');
INSERT INTO "Lessons" ("Id", "ModuleId", "Title", "Description", "Status", "SortOrder", "CreatedByUserId", "DurationSeconds", "CreatedAt", "UpdatedAt") VALUES ('db43f2c2-d493-472c-91fc-45c41d885ca7', 'c52558d9-6614-4214-9b13-f34c11b1270a', 'Introduction of nursing', '', 3, 1, '23d62490-6f40-4853-9eb9-45f78781f53f', NULL, '2026-07-06 06:42:46.262264', '2026-07-06 06:43:28.662774');
INSERT INTO "Lessons" ("Id", "ModuleId", "Title", "Description", "Status", "SortOrder", "CreatedByUserId", "DurationSeconds", "CreatedAt", "UpdatedAt") VALUES ('44380341-4c1e-4c2b-ae30-7c7f13bc1f19', 'c52558d9-6614-4214-9b13-f34c11b1270a', 'Introduction to nursing', '', 1, 1, '0574debf-5ce6-4fa9-b358-f68294f1ded4', NULL, '2026-07-06 07:44:12.307894', NULL);
INSERT INTO "Lessons" ("Id", "ModuleId", "Title", "Description", "Status", "SortOrder", "CreatedByUserId", "DurationSeconds", "CreatedAt", "UpdatedAt") VALUES ('76f039ef-2e11-4c25-9283-d2f28573177b', 'c52558d9-6614-4214-9b13-f34c11b1270a', 'Introduction to Nursing', '', 3, 1, '23d62490-6f40-4853-9eb9-45f78781f53f', NULL, '2026-07-06 07:45:18.032950', '2026-07-06 07:45:47.157520');
INSERT INTO "Lessons" ("Id", "ModuleId", "Title", "Description", "Status", "SortOrder", "CreatedByUserId", "DurationSeconds", "CreatedAt", "UpdatedAt") VALUES ('a5354593-30be-4746-9ecc-c859ac86dad5', 'c52558d9-6614-4214-9b13-f34c11b1270a', 'Intro to nursing', '', 1, 1, '23d62490-6f40-4853-9eb9-45f78781f53f', NULL, '2026-07-06 07:49:02.434104', NULL);
INSERT INTO "Lessons" ("Id", "ModuleId", "Title", "Description", "Status", "SortOrder", "CreatedByUserId", "DurationSeconds", "CreatedAt", "UpdatedAt") VALUES ('3aa68a3d-1e9d-490a-bfc7-5c420897d8ff', 'c52558d9-6614-4214-9b13-f34c11b1270a', 'Introduction to Nursing', '', 3, 1, '23d62490-6f40-4853-9eb9-45f78781f53f', NULL, '2026-07-06 08:34:07.756045', '2026-07-06 08:34:21.990318');
INSERT INTO "Lessons" ("Id", "ModuleId", "Title", "Description", "Status", "SortOrder", "CreatedByUserId", "DurationSeconds", "CreatedAt", "UpdatedAt") VALUES ('8ce74e89-a9e1-46c1-8f24-f903040acf12', 'c52558d9-6614-4214-9b13-f34c11b1270a', 'test', '', 1, 1, '23d62490-6f40-4853-9eb9-45f78781f53f', NULL, '2026-07-06 08:37:31.686199', NULL);
INSERT INTO "Lessons" ("Id", "ModuleId", "Title", "Description", "Status", "SortOrder", "CreatedByUserId", "DurationSeconds", "CreatedAt", "UpdatedAt") VALUES ('ad723592-28ce-4cc3-b174-91cb8de9d04a', 'f5d62d8b-441c-4810-b8b0-6c7d576d089e', 'Human Anatomy & Physiology I', '', 3, 1, '23d62490-6f40-4853-9eb9-45f78781f53f', NULL, '2026-07-06 09:46:59.316814', '2026-07-06 09:48:03.466266');
INSERT INTO "Lessons" ("Id", "ModuleId", "Title", "Description", "Status", "SortOrder", "CreatedByUserId", "DurationSeconds", "CreatedAt", "UpdatedAt") VALUES ('7f15ce88-cce7-4ccc-9c1c-70005e028774', '124bc0da-cbbc-4acd-9c02-ae68707da03d', 'Introduction & General Biology', '', 3, 1, '23d62490-6f40-4853-9eb9-45f78781f53f', NULL, '2026-07-06 11:08:29.442048', '2026-07-06 14:09:37.909896');
INSERT INTO "Lessons" ("Id", "ModuleId", "Title", "Description", "Status", "SortOrder", "CreatedByUserId", "DurationSeconds", "CreatedAt", "UpdatedAt") VALUES ('47218d88-c387-4f03-998e-9efe476e25af', '124bc0da-cbbc-4acd-9c02-ae68707da03d', 'test', '', 3, 1, '23d62490-6f40-4853-9eb9-45f78781f53f', NULL, '2026-07-06 13:47:54.709650', '2026-07-06 14:09:37.991151');
INSERT INTO "Lessons" ("Id", "ModuleId", "Title", "Description", "Status", "SortOrder", "CreatedByUserId", "DurationSeconds", "CreatedAt", "UpdatedAt") VALUES ('913203b7-bcbd-4126-839e-0129a3b991c4', '0b1a5ae3-9b12-42eb-bfa6-aeed82abfe02', 'Anatomy', '', 3, 1, '23d62490-6f40-4853-9eb9-45f78781f53f', NULL, '2026-07-07 04:51:42.799885', '2026-07-07 05:17:22.505019');
INSERT INTO "Lessons" ("Id", "ModuleId", "Title", "Description", "Status", "SortOrder", "CreatedByUserId", "DurationSeconds", "CreatedAt", "UpdatedAt") VALUES ('d920ecfd-d99d-4cc7-9738-7ae811ecfa37', '77c0b08e-ec6a-407d-bcf1-30d41ddaec19', 'Anatomy', '', 3, 1, '23d62490-6f40-4853-9eb9-45f78781f53f', NULL, '2026-07-07 05:20:08.454050', '2026-07-07 05:20:25.153298');

-- Table: LiveClassSessions (1 rows)
INSERT INTO "LiveClassSessions" ("Id", "CalendarEventId", "JoinUrl", "MinAttendanceMinutes", "RecordingUrl", "CreatedAt", "UpdatedAt") VALUES ('d47d44ad-7a74-47b6-ae5f-4cf1a31c7628', '48ee8463-e9f9-41f9-8a99-9bc48fb4639a', 'https://PLACEHOLDER-teams.microsoft.com/meet/caretrack-demo', 45, NULL, '2026-07-05 07:02:17.974586', NULL);

-- Table: LogbookEntries (1 rows)
INSERT INTO "LogbookEntries" ("Id", "UniversityId", "RotationAssignmentId", "StudentId", "SupervisorId", "EntryDate", "Procedure", "PatientCount", "Notes", "Location", "Status", "SupervisorRemarks", "SubmittedAt", "ReviewedAt", "EscalatedAt", "CreatedAt", "UpdatedAt") VALUES ('4aa6fc43-ac81-4f18-abf1-f9840935e4ca', 'ff7d323e-1af5-4f1a-a685-6c701a4e2492', '1beaa09d-be31-4a4c-90a0-767e59885bec', '76fb5737-0aa9-445e-b606-e471ffe2dc96', NULL, '2026-07-04 00:00:00.000000', 'ECG Interpretation', 3, 'Observed and assisted with 12-lead ECG placement', 'Cardiology Ward — Block B', 1, NULL, '2026-07-05 01:02:17.840860', NULL, NULL, '2026-07-05 07:02:17.839475', NULL);

-- Table: ModulePrerequisites (0 rows)

-- Table: ModuleProgresses (5 rows)
INSERT INTO "ModuleProgresses" ("Id", "StudentId", "ModuleId", "ProgressPercent", "IsCompleted", "CompletedAt", "CreatedAt", "UpdatedAt") VALUES ('c6fdb116-2f32-4f11-bdb3-28d4c6a84734', '8d9e2351-107d-4b84-b0ff-a1ed9c530933', 'c52558d9-6614-4214-9b13-f34c11b1270a', 100, TRUE, '2026-07-06 09:03:19.792284', '2026-07-06 09:03:19.729198', '2026-07-06 09:03:19.792285');
INSERT INTO "ModuleProgresses" ("Id", "StudentId", "ModuleId", "ProgressPercent", "IsCompleted", "CompletedAt", "CreatedAt", "UpdatedAt") VALUES ('efa5cb2d-469c-4bcd-b6e6-e8a8e7aa7b9f', 'a8c71726-c64e-4bac-86e9-4a48bc0ffa60', 'f5d62d8b-441c-4810-b8b0-6c7d576d089e', 100, TRUE, '2026-07-06 10:13:52.523016', '2026-07-06 10:13:52.504029', '2026-07-06 10:13:52.523074');
INSERT INTO "ModuleProgresses" ("Id", "StudentId", "ModuleId", "ProgressPercent", "IsCompleted", "CompletedAt", "CreatedAt", "UpdatedAt") VALUES ('f58a8976-bcda-4d77-b18d-0095db661961', '7bfe1f79-9afe-4935-973b-6bfb5e9a170f', '124bc0da-cbbc-4acd-9c02-ae68707da03d', 100, TRUE, '2026-07-06 11:12:30.195046', '2026-07-06 11:12:18.192725', '2026-07-06 11:12:30.195047');
INSERT INTO "ModuleProgresses" ("Id", "StudentId", "ModuleId", "ProgressPercent", "IsCompleted", "CompletedAt", "CreatedAt", "UpdatedAt") VALUES ('67e0b162-2cf0-454d-9473-ad4d2a883d34', 'a7285de0-f597-4e85-9c2f-1d3ad9e450fc', '124bc0da-cbbc-4acd-9c02-ae68707da03d', 100, TRUE, '2026-07-06 14:15:25.435388', '2026-07-06 14:13:07.150655', '2026-07-06 14:15:25.435390');
INSERT INTO "ModuleProgresses" ("Id", "StudentId", "ModuleId", "ProgressPercent", "IsCompleted", "CompletedAt", "CreatedAt", "UpdatedAt") VALUES ('a66c3aae-ffbb-42d8-aec9-088b4c2346b5', 'a7285de0-f597-4e85-9c2f-1d3ad9e450fc', '77c0b08e-ec6a-407d-bcf1-30d41ddaec19', 100, TRUE, '2026-07-07 05:24:13.327987', '2026-07-07 05:24:13.314250', '2026-07-07 05:24:13.328064');

-- Table: Modules (12 rows)
INSERT INTO "Modules" ("Id", "SemesterId", "Title", "Description", "SortOrder", "CreatedAt", "UpdatedAt") VALUES ('2779ba6e-7e7a-4bfd-9c1a-751680fb3d0e', '55ca569c-b4c7-45ef-9662-bad4de1f0c61', 'Module Y2S1', 'Core module content', 1, '2026-07-05 06:19:52.271625', NULL);
INSERT INTO "Modules" ("Id", "SemesterId", "Title", "Description", "SortOrder", "CreatedAt", "UpdatedAt") VALUES ('342c693b-a250-42b3-bd00-9e6e62d09b7d', '7a10ca2e-72e2-456c-a84e-001e47efd0da', 'Module Y3S2', 'Core module content', 1, '2026-07-05 06:19:52.271635', NULL);
INSERT INTO "Modules" ("Id", "SemesterId", "Title", "Description", "SortOrder", "CreatedAt", "UpdatedAt") VALUES ('35acc8d8-53aa-4979-93c3-7ceeff88af60', '6bb15732-89d9-40fd-96b8-6e215eda5282', 'Module Y1S2', 'Core module content', 1, '2026-07-05 06:19:52.271484', NULL);
INSERT INTO "Modules" ("Id", "SemesterId", "Title", "Description", "SortOrder", "CreatedAt", "UpdatedAt") VALUES ('361fb341-7793-4980-a132-63e7842d0d11', '3fe61454-6da8-4529-9b9b-736c37340c51', 'Module Y2S2', 'Core module content', 1, '2026-07-05 06:19:52.271629', NULL);
INSERT INTO "Modules" ("Id", "SemesterId", "Title", "Description", "SortOrder", "CreatedAt", "UpdatedAt") VALUES ('79a7ac9d-32c7-4c67-afb1-71880001e396', '8c1c8ff4-9129-4064-9faa-60678640a157', 'Cardiovascular Assessment', 'Core module content', 1, '2026-07-05 06:19:52.271095', NULL);
INSERT INTO "Modules" ("Id", "SemesterId", "Title", "Description", "SortOrder", "CreatedAt", "UpdatedAt") VALUES ('e143b0c1-8216-46f4-a13b-5d02a63fbfd6', '91bfd5fc-5f53-4e57-b4f6-630da15d79b4', 'Module Y3S1', 'Core module content', 1, '2026-07-05 06:19:52.271633', NULL);
INSERT INTO "Modules" ("Id", "SemesterId", "Title", "Description", "SortOrder", "CreatedAt", "UpdatedAt") VALUES ('c52558d9-6614-4214-9b13-f34c11b1270a', '14efcd3b-2dc4-4e78-8269-b44e7fba7d51', 'Introduction to Nursing', '', 1, '2026-07-06 06:36:44.757857', NULL);
INSERT INTO "Modules" ("Id", "SemesterId", "Title", "Description", "SortOrder", "CreatedAt", "UpdatedAt") VALUES ('df82abb1-ff34-4d1d-a29a-af69317221a7', '6f5b24c6-4bbd-459a-8c0d-caf0f6ab9276', 'Advanced B.Sc Nutrition & Dietics', '', 1, '2026-07-06 09:45:29.981984', NULL);
INSERT INTO "Modules" ("Id", "SemesterId", "Title", "Description", "SortOrder", "CreatedAt", "UpdatedAt") VALUES ('f5d62d8b-441c-4810-b8b0-6c7d576d089e', 'b0de7cfe-9094-4847-b77f-cc8d161e32f1', 'Core Fundamentals', '', 1, '2026-07-06 09:46:37.654786', NULL);
INSERT INTO "Modules" ("Id", "SemesterId", "Title", "Description", "SortOrder", "CreatedAt", "UpdatedAt") VALUES ('124bc0da-cbbc-4acd-9c02-ae68707da03d', '14efcd3b-2dc4-4e78-8269-b44e7fba7d51', 'Applied Anatomy & Applied Physiology', '', 1, '2026-07-06 11:08:08.673897', NULL);
INSERT INTO "Modules" ("Id", "SemesterId", "Title", "Description", "SortOrder", "CreatedAt", "UpdatedAt") VALUES ('0b1a5ae3-9b12-42eb-bfa6-aeed82abfe02', '082673b7-892b-49aa-b5da-739d36a97c38', 'Semester 1 Anatomy', 'Its related to study about bones , muscles,heart', 1, '2026-07-07 04:51:31.250906', NULL);
INSERT INTO "Modules" ("Id", "SemesterId", "Title", "Description", "SortOrder", "CreatedAt", "UpdatedAt") VALUES ('77c0b08e-ec6a-407d-bcf1-30d41ddaec19', '082673b7-892b-49aa-b5da-739d36a97c38', '1st Module_Anatomy _SEM1', 'Its related to study about bone, muscles, heart', 1, '2026-07-07 05:19:46.694717', NULL);

-- Table: Notifications (0 rows)

-- Table: OfflineAssessmentResults (0 rows)

-- Table: ProgrammeYears (7 rows)
INSERT INTO "ProgrammeYears" ("Id", "ProgrammeId", "YearNumber", "Name", "CreatedAt", "UpdatedAt") VALUES ('cc7da6aa-4ea9-4f5c-b487-19affd941a83', 'f56e2f7f-fcc2-4ae0-8b68-ae4371ba31bb', 1, 'Year 1', '2026-07-05 06:19:52.269925', NULL);
INSERT INTO "ProgrammeYears" ("Id", "ProgrammeId", "YearNumber", "Name", "CreatedAt", "UpdatedAt") VALUES ('eba5590f-706b-4d71-8051-ce44f18e5cd0', 'f56e2f7f-fcc2-4ae0-8b68-ae4371ba31bb', 2, 'Year 2', '2026-07-05 06:19:52.271621', NULL);
INSERT INTO "ProgrammeYears" ("Id", "ProgrammeId", "YearNumber", "Name", "CreatedAt", "UpdatedAt") VALUES ('ff6e5255-8de0-44fe-be6c-1c12a5898ab4', 'f56e2f7f-fcc2-4ae0-8b68-ae4371ba31bb', 3, 'Year 3', '2026-07-05 06:19:52.271631', NULL);
INSERT INTO "ProgrammeYears" ("Id", "ProgrammeId", "YearNumber", "Name", "CreatedAt", "UpdatedAt") VALUES ('c0ab224b-0a09-451c-af64-2e87901eae87', '4965bb3c-a14c-4042-892f-3d871b8d9543', 1, 'Year 1', '2026-07-06 06:29:45.191274', NULL);
INSERT INTO "ProgrammeYears" ("Id", "ProgrammeId", "YearNumber", "Name", "CreatedAt", "UpdatedAt") VALUES ('a5b3fa63-5a51-4844-8107-481ffee05d72', 'b6fb3916-2605-4c67-9c9b-112a6e9429a6', 1, 'Year 1', '2026-07-06 09:44:03.184869', NULL);
INSERT INTO "ProgrammeYears" ("Id", "ProgrammeId", "YearNumber", "Name", "CreatedAt", "UpdatedAt") VALUES ('203463e2-8341-4565-8650-72281f1ae066', 'b6fb3916-2605-4c67-9c9b-112a6e9429a6', 2, 'Year 2', '2026-07-06 09:44:16.919449', NULL);
INSERT INTO "ProgrammeYears" ("Id", "ProgrammeId", "YearNumber", "Name", "CreatedAt", "UpdatedAt") VALUES ('3defa55a-9a41-4276-ad65-833894251513', 'b35bb8ab-ea15-4b52-87a3-0a087ae5cebc', 1, 'Year 1', '2026-07-07 04:49:51.497147', NULL);

-- Table: Programmes (4 rows)
INSERT INTO "Programmes" ("Id", "Name", "Code", "Description", "DurationYears", "CreatedAt", "UpdatedAt") VALUES ('f56e2f7f-fcc2-4ae0-8b68-ae4371ba31bb', 'B.Sc Allied Health', 'BSC-AH', 'Allied Health Sciences Programme', 3, '2026-07-05 06:19:52.269541', NULL);
INSERT INTO "Programmes" ("Id", "Name", "Code", "Description", "DurationYears", "CreatedAt", "UpdatedAt") VALUES ('4965bb3c-a14c-4042-892f-3d871b8d9543', 'B.SC Nursing', 'BSC-NUR', '', 4, '2026-07-06 06:29:25.238456', NULL);
INSERT INTO "Programmes" ("Id", "Name", "Code", "Description", "DurationYears", "CreatedAt", "UpdatedAt") VALUES ('b6fb3916-2605-4c67-9c9b-112a6e9429a6', 'B.Sc. Nutrition & Dietetics', 'BSC-NUTR', '', 3, '2026-07-06 09:43:57.224595', NULL);
INSERT INTO "Programmes" ("Id", "Name", "Code", "Description", "DurationYears", "CreatedAt", "UpdatedAt") VALUES ('b35bb8ab-ea15-4b52-87a3-0a087ae5cebc', 'DMLT (Diploma in Medical Laboratory Technology)', 'DMLT', '', 2, '2026-07-07 04:49:42.052943', NULL);

-- Table: QuizAnswers (14 rows)
INSERT INTO "QuizAnswers" ("Id", "AttemptId", "QuestionId", "SelectedOptionId", "IsCorrect", "CreatedAt", "UpdatedAt") VALUES ('27fbe396-6b5f-4688-b7e0-482a2e90b759', '1a0a5157-fbc8-4f90-9e44-d0693211e18e', 'c37ff075-d1f3-404a-a7f9-d6ff64b0c459', '9517cd9b-3b92-41d8-83db-8e03b5ff6706', TRUE, '2026-07-06 09:18:23.671999', NULL);
INSERT INTO "QuizAnswers" ("Id", "AttemptId", "QuestionId", "SelectedOptionId", "IsCorrect", "CreatedAt", "UpdatedAt") VALUES ('fc1e7a7c-3193-486b-a1d0-139f8a7d14ed', '1a0a5157-fbc8-4f90-9e44-d0693211e18e', '5c8fdc39-1d06-429b-951e-44b3e9460c36', 'c4640339-6abd-4dcf-9439-b9fdc1cb32cb', TRUE, '2026-07-06 09:18:23.633471', NULL);
INSERT INTO "QuizAnswers" ("Id", "AttemptId", "QuestionId", "SelectedOptionId", "IsCorrect", "CreatedAt", "UpdatedAt") VALUES ('57cea7c3-02c5-4151-a975-61f0f3a16d22', 'f7e6a033-5127-454d-841f-bfde3773b9be', '5c8fdc39-1d06-429b-951e-44b3e9460c36', 'c4640339-6abd-4dcf-9439-b9fdc1cb32cb', TRUE, '2026-07-06 09:18:25.104026', NULL);
INSERT INTO "QuizAnswers" ("Id", "AttemptId", "QuestionId", "SelectedOptionId", "IsCorrect", "CreatedAt", "UpdatedAt") VALUES ('9e19c744-914c-42f4-90e1-4171dce5f732', 'f7e6a033-5127-454d-841f-bfde3773b9be', 'c37ff075-d1f3-404a-a7f9-d6ff64b0c459', '9517cd9b-3b92-41d8-83db-8e03b5ff6706', TRUE, '2026-07-06 09:18:25.104282', NULL);
INSERT INTO "QuizAnswers" ("Id", "AttemptId", "QuestionId", "SelectedOptionId", "IsCorrect", "CreatedAt", "UpdatedAt") VALUES ('1844a39a-42d7-41f0-9a9c-3ae1795d05b2', '80290d96-68d2-466c-b9d4-52779cdc9778', 'c37ff075-d1f3-404a-a7f9-d6ff64b0c459', '9517cd9b-3b92-41d8-83db-8e03b5ff6706', TRUE, '2026-07-06 09:18:59.606613', NULL);
INSERT INTO "QuizAnswers" ("Id", "AttemptId", "QuestionId", "SelectedOptionId", "IsCorrect", "CreatedAt", "UpdatedAt") VALUES ('37a539c4-9642-4d88-a0bf-cc2604838ec6', '80290d96-68d2-466c-b9d4-52779cdc9778', '5c8fdc39-1d06-429b-951e-44b3e9460c36', 'c4640339-6abd-4dcf-9439-b9fdc1cb32cb', TRUE, '2026-07-06 09:18:59.605975', NULL);
INSERT INTO "QuizAnswers" ("Id", "AttemptId", "QuestionId", "SelectedOptionId", "IsCorrect", "CreatedAt", "UpdatedAt") VALUES ('4e25abc1-2476-4512-91f6-f57177cea96f', '435d6a27-6601-4cc9-a9cf-5a38dc6b0830', '340d3e6a-b023-4438-a9f7-c0905add4d5d', '574e622e-6d72-42c0-a2e6-fadf9976753e', TRUE, '2026-07-06 10:14:00.352416', NULL);
INSERT INTO "QuizAnswers" ("Id", "AttemptId", "QuestionId", "SelectedOptionId", "IsCorrect", "CreatedAt", "UpdatedAt") VALUES ('e4653e42-b742-43d0-9c82-d19a21bcb1cc', '435d6a27-6601-4cc9-a9cf-5a38dc6b0830', 'ad8f6e6e-f84c-43b4-9f30-6ba45f0f72f8', 'c88bda01-843c-4e8c-8256-d6d89ce40cb6', TRUE, '2026-07-06 10:14:00.333484', NULL);
INSERT INTO "QuizAnswers" ("Id", "AttemptId", "QuestionId", "SelectedOptionId", "IsCorrect", "CreatedAt", "UpdatedAt") VALUES ('99e14a0a-54bc-4a9c-9c1d-d0a15e265829', '76862ee9-cfc5-43c3-81b3-731a4f79c62e', '340d3e6a-b023-4438-a9f7-c0905add4d5d', '574e622e-6d72-42c0-a2e6-fadf9976753e', TRUE, '2026-07-06 10:20:54.404410', NULL);
INSERT INTO "QuizAnswers" ("Id", "AttemptId", "QuestionId", "SelectedOptionId", "IsCorrect", "CreatedAt", "UpdatedAt") VALUES ('cbf7df2f-e778-43a0-a7d2-ff677ef6086f', '76862ee9-cfc5-43c3-81b3-731a4f79c62e', 'ad8f6e6e-f84c-43b4-9f30-6ba45f0f72f8', 'c88bda01-843c-4e8c-8256-d6d89ce40cb6', TRUE, '2026-07-06 10:20:54.374607', NULL);
INSERT INTO "QuizAnswers" ("Id", "AttemptId", "QuestionId", "SelectedOptionId", "IsCorrect", "CreatedAt", "UpdatedAt") VALUES ('b739e472-5064-4325-a653-8b59b44e35c8', 'd229c874-8aeb-4c17-8424-dcac3af6d8cd', '08b0585a-b2ae-4d31-870b-5b7cab48a58e', 'add6a1d3-7648-4580-9272-557061c848f9', TRUE, '2026-07-06 11:48:51.216135', NULL);
INSERT INTO "QuizAnswers" ("Id", "AttemptId", "QuestionId", "SelectedOptionId", "IsCorrect", "CreatedAt", "UpdatedAt") VALUES ('e8909d53-a1e1-4ff3-bf5c-5312ccfc5286', 'd229c874-8aeb-4c17-8424-dcac3af6d8cd', '0c3ad236-931c-4870-90a6-2807cab46d8e', '77faf438-9e43-45e6-92ec-98bc18ea1c19', TRUE, '2026-07-06 11:48:51.170633', NULL);
INSERT INTO "QuizAnswers" ("Id", "AttemptId", "QuestionId", "SelectedOptionId", "IsCorrect", "CreatedAt", "UpdatedAt") VALUES ('d0fa4282-2245-468f-a4f7-f354783ebcad', '5dc630d1-110f-4cff-a438-b929df4d75db', 'c01992f2-1a2d-4803-9d5b-55387b79f95b', 'e198b36c-0c77-40d6-a8f1-7815f7309749', TRUE, '2026-07-07 05:24:27.111317', NULL);
INSERT INTO "QuizAnswers" ("Id", "AttemptId", "QuestionId", "SelectedOptionId", "IsCorrect", "CreatedAt", "UpdatedAt") VALUES ('f3abcb60-e9b7-48e1-9306-f9416234d449', '5dc630d1-110f-4cff-a438-b929df4d75db', '997d81ec-173a-4404-ac7f-8ad2e9c1f415', 'f13b3f33-eda4-4add-af85-acdcf858a3c9', TRUE, '2026-07-07 05:24:27.076290', NULL);

-- Table: QuizAttempts (7 rows)
INSERT INTO "QuizAttempts" ("Id", "QuizId", "StudentId", "ScorePercent", "Passed", "StartedAt", "SubmittedAt", "AttemptNumber", "CreatedAt", "UpdatedAt") VALUES ('1a0a5157-fbc8-4f90-9e44-d0693211e18e', 'b00844e6-3ccb-4288-a7b7-4a6a38f49b7d', '8d9e2351-107d-4b84-b0ff-a1ed9c530933', 100, TRUE, '2026-07-06 09:18:23.580896', '2026-07-06 09:18:23.672869', 1, '2026-07-06 09:18:23.580588', NULL);
INSERT INTO "QuizAttempts" ("Id", "QuizId", "StudentId", "ScorePercent", "Passed", "StartedAt", "SubmittedAt", "AttemptNumber", "CreatedAt", "UpdatedAt") VALUES ('f7e6a033-5127-454d-841f-bfde3773b9be', 'b00844e6-3ccb-4288-a7b7-4a6a38f49b7d', '8d9e2351-107d-4b84-b0ff-a1ed9c530933', 100, TRUE, '2026-07-06 09:18:25.103762', '2026-07-06 09:18:25.104442', 2, '2026-07-06 09:18:25.103761', NULL);
INSERT INTO "QuizAttempts" ("Id", "QuizId", "StudentId", "ScorePercent", "Passed", "StartedAt", "SubmittedAt", "AttemptNumber", "CreatedAt", "UpdatedAt") VALUES ('80290d96-68d2-466c-b9d4-52779cdc9778', 'b00844e6-3ccb-4288-a7b7-4a6a38f49b7d', '8d9e2351-107d-4b84-b0ff-a1ed9c530933', 100, TRUE, '2026-07-06 09:18:59.604728', '2026-07-06 09:18:59.606958', 3, '2026-07-06 09:18:59.604727', NULL);
INSERT INTO "QuizAttempts" ("Id", "QuizId", "StudentId", "ScorePercent", "Passed", "StartedAt", "SubmittedAt", "AttemptNumber", "CreatedAt", "UpdatedAt") VALUES ('435d6a27-6601-4cc9-a9cf-5a38dc6b0830', '21e4504a-9f7a-4ef8-9137-60d7e82a7184', 'a8c71726-c64e-4bac-86e9-4a48bc0ffa60', 100, TRUE, '2026-07-06 10:14:00.310052', '2026-07-06 10:14:00.352812', 1, '2026-07-06 10:14:00.309894', NULL);
INSERT INTO "QuizAttempts" ("Id", "QuizId", "StudentId", "ScorePercent", "Passed", "StartedAt", "SubmittedAt", "AttemptNumber", "CreatedAt", "UpdatedAt") VALUES ('76862ee9-cfc5-43c3-81b3-731a4f79c62e', '21e4504a-9f7a-4ef8-9137-60d7e82a7184', 'a8c71726-c64e-4bac-86e9-4a48bc0ffa60', 100, TRUE, '2026-07-06 10:20:54.351126', '2026-07-06 10:20:54.405294', 2, '2026-07-06 10:20:54.350954', NULL);
INSERT INTO "QuizAttempts" ("Id", "QuizId", "StudentId", "ScorePercent", "Passed", "StartedAt", "SubmittedAt", "AttemptNumber", "CreatedAt", "UpdatedAt") VALUES ('d229c874-8aeb-4c17-8424-dcac3af6d8cd', 'a6236fa1-0c88-4766-abd0-3c3541d7c361', '7bfe1f79-9afe-4935-973b-6bfb5e9a170f', 100, TRUE, '2026-07-06 11:48:51.109398', '2026-07-06 11:48:51.217021', 1, '2026-07-06 11:48:51.109006', NULL);
INSERT INTO "QuizAttempts" ("Id", "QuizId", "StudentId", "ScorePercent", "Passed", "StartedAt", "SubmittedAt", "AttemptNumber", "CreatedAt", "UpdatedAt") VALUES ('5dc630d1-110f-4cff-a438-b929df4d75db', 'c6fc9211-1100-47c6-8cf7-2cb0282108ac', 'a7285de0-f597-4e85-9c2f-1d3ad9e450fc', 100, TRUE, '2026-07-07 05:24:27.040178', '2026-07-07 05:24:27.111863', 1, '2026-07-07 05:24:27.039930', NULL);

-- Table: QuizOptions (35 rows)
INSERT INTO "QuizOptions" ("Id", "QuestionId", "OptionText", "IsCorrect", "SortOrder", "CreatedAt", "UpdatedAt") VALUES ('53dc1804-a773-4ee5-a343-bdd82c5e4d9c', 'b2c70f2b-9efd-4842-a319-0d6f63566e28', 'Assess lung capacity only', FALSE, 3, '2026-07-05 06:19:53.094658', NULL);
INSERT INTO "QuizOptions" ("Id", "QuestionId", "OptionText", "IsCorrect", "SortOrder", "CreatedAt", "UpdatedAt") VALUES ('56aaf5c0-dc28-4083-a90d-4b441f0ff842', 'b2c70f2b-9efd-4842-a319-0d6f63566e28', 'Evaluate heart and blood vessel function', TRUE, 1, '2026-07-05 06:19:53.094525', NULL);
INSERT INTO "QuizOptions" ("Id", "QuestionId", "OptionText", "IsCorrect", "SortOrder", "CreatedAt", "UpdatedAt") VALUES ('8026d345-d09a-475b-bd99-f11e703fac64', 'b2c70f2b-9efd-4842-a319-0d6f63566e28', 'Measure bone density', FALSE, 2, '2026-07-05 06:19:53.094658', NULL);
INSERT INTO "QuizOptions" ("Id", "QuestionId", "OptionText", "IsCorrect", "SortOrder", "CreatedAt", "UpdatedAt") VALUES ('00169cc6-0f5e-4beb-9c3a-6d540a7c11ef', '5c8fdc39-1d06-429b-951e-44b3e9460c36', '39%', FALSE, 3, '2026-07-06 09:17:25.802435', NULL);
INSERT INTO "QuizOptions" ("Id", "QuestionId", "OptionText", "IsCorrect", "SortOrder", "CreatedAt", "UpdatedAt") VALUES ('306fb299-4ea9-4da6-80fb-62860e0cdf00', 'c37ff075-d1f3-404a-a7f9-d6ff64b0c459', 'Radial artery', FALSE, 1, '2026-07-06 09:17:25.802466', NULL);
INSERT INTO "QuizOptions" ("Id", "QuestionId", "OptionText", "IsCorrect", "SortOrder", "CreatedAt", "UpdatedAt") VALUES ('92ad46a6-39eb-4b2f-bd2d-3efb2e3e2000', 'c37ff075-d1f3-404a-a7f9-d6ff64b0c459', 'Brachial artery', FALSE, 4, '2026-07-06 09:17:25.802468', NULL);
INSERT INTO "QuizOptions" ("Id", "QuestionId", "OptionText", "IsCorrect", "SortOrder", "CreatedAt", "UpdatedAt") VALUES ('9517cd9b-3b92-41d8-83db-8e03b5ff6706', 'c37ff075-d1f3-404a-a7f9-d6ff64b0c459', 'Carotid artery', TRUE, 2, '2026-07-06 09:17:25.802467', NULL);
INSERT INTO "QuizOptions" ("Id", "QuestionId", "OptionText", "IsCorrect", "SortOrder", "CreatedAt", "UpdatedAt") VALUES ('c4640339-6abd-4dcf-9439-b9fdc1cb32cb', '5c8fdc39-1d06-429b-951e-44b3e9460c36', '37%', TRUE, 2, '2026-07-06 09:17:25.802434', NULL);
INSERT INTO "QuizOptions" ("Id", "QuestionId", "OptionText", "IsCorrect", "SortOrder", "CreatedAt", "UpdatedAt") VALUES ('d0e8eb72-a46b-4b71-85af-fa4c08293a19', '5c8fdc39-1d06-429b-951e-44b3e9460c36', '40%', FALSE, 4, '2026-07-06 09:17:25.802435', NULL);
INSERT INTO "QuizOptions" ("Id", "QuestionId", "OptionText", "IsCorrect", "SortOrder", "CreatedAt", "UpdatedAt") VALUES ('deffeaf1-f751-4bee-bffb-786a41b92108', '5c8fdc39-1d06-429b-951e-44b3e9460c36', '35%', FALSE, 1, '2026-07-06 09:17:25.802005', NULL);
INSERT INTO "QuizOptions" ("Id", "QuestionId", "OptionText", "IsCorrect", "SortOrder", "CreatedAt", "UpdatedAt") VALUES ('e18949bb-2434-4336-b664-845a227dacbc', 'c37ff075-d1f3-404a-a7f9-d6ff64b0c459', 'Femoral artery', FALSE, 3, '2026-07-06 09:17:25.802468', NULL);
INSERT INTO "QuizOptions" ("Id", "QuestionId", "OptionText", "IsCorrect", "SortOrder", "CreatedAt", "UpdatedAt") VALUES ('4fc29c87-5f5c-4cb7-b4dd-018da2095d45', '340d3e6a-b023-4438-a9f7-c0905add4d5d', 'Enzymatic browning', FALSE, 3, '2026-07-06 10:13:06.412874', NULL);
INSERT INTO "QuizOptions" ("Id", "QuestionId", "OptionText", "IsCorrect", "SortOrder", "CreatedAt", "UpdatedAt") VALUES ('574e622e-6d72-42c0-a2e6-fadf9976753e', '340d3e6a-b023-4438-a9f7-c0905add4d5d', 'Caramelization', TRUE, 2, '2026-07-06 10:13:06.412874', NULL);
INSERT INTO "QuizOptions" ("Id", "QuestionId", "OptionText", "IsCorrect", "SortOrder", "CreatedAt", "UpdatedAt") VALUES ('9c378403-7181-48ac-bb6e-61cd8e94572a', 'ad8f6e6e-f84c-43b4-9f30-6ba45f0f72f8', 'Esophagus', FALSE, 4, '2026-07-06 10:13:06.412857', NULL);
INSERT INTO "QuizOptions" ("Id", "QuestionId", "OptionText", "IsCorrect", "SortOrder", "CreatedAt", "UpdatedAt") VALUES ('c88bda01-843c-4e8c-8256-d6d89ce40cb6', 'ad8f6e6e-f84c-43b4-9f30-6ba45f0f72f8', 'Small Intestine', TRUE, 3, '2026-07-06 10:13:06.412857', NULL);
INSERT INTO "QuizOptions" ("Id", "QuestionId", "OptionText", "IsCorrect", "SortOrder", "CreatedAt", "UpdatedAt") VALUES ('d467cccc-2e35-422d-8ae5-7fdb27804882', '340d3e6a-b023-4438-a9f7-c0905add4d5d', 'Maillard reaction', FALSE, 1, '2026-07-06 10:13:06.412874', NULL);
INSERT INTO "QuizOptions" ("Id", "QuestionId", "OptionText", "IsCorrect", "SortOrder", "CreatedAt", "UpdatedAt") VALUES ('d5829b6e-91a9-4060-b479-90b4f38de0ab', 'ad8f6e6e-f84c-43b4-9f30-6ba45f0f72f8', 'Stomach', FALSE, 1, '2026-07-06 10:13:06.412714', NULL);
INSERT INTO "QuizOptions" ("Id", "QuestionId", "OptionText", "IsCorrect", "SortOrder", "CreatedAt", "UpdatedAt") VALUES ('ee82df3b-89a5-4c51-88ac-d3af83391d4d', 'ad8f6e6e-f84c-43b4-9f30-6ba45f0f72f8', 'Large Intestine', FALSE, 2, '2026-07-06 10:13:06.412856', NULL);
INSERT INTO "QuizOptions" ("Id", "QuestionId", "OptionText", "IsCorrect", "SortOrder", "CreatedAt", "UpdatedAt") VALUES ('faa21c24-64ce-4c79-b63c-1d5f5c7515b1', '340d3e6a-b023-4438-a9f7-c0905add4d5d', 'Oxidation', FALSE, 4, '2026-07-06 10:13:06.412875', NULL);
INSERT INTO "QuizOptions" ("Id", "QuestionId", "OptionText", "IsCorrect", "SortOrder", "CreatedAt", "UpdatedAt") VALUES ('3970ed13-358d-48b2-9a6e-68f9b79356fe', '0c3ad236-931c-4870-90a6-2807cab46d8e', 'Pseudostratified columnar epithelium', FALSE, 4, '2026-07-06 11:47:46.405256', NULL);
INSERT INTO "QuizOptions" ("Id", "QuestionId", "OptionText", "IsCorrect", "SortOrder", "CreatedAt", "UpdatedAt") VALUES ('5352221d-cda6-4078-a81f-d5048ed865fd', '0c3ad236-931c-4870-90a6-2807cab46d8e', 'Stratified cuboidal epithelium', FALSE, 2, '2026-07-06 11:47:46.405255', NULL);
INSERT INTO "QuizOptions" ("Id", "QuestionId", "OptionText", "IsCorrect", "SortOrder", "CreatedAt", "UpdatedAt") VALUES ('5a4389c1-c84b-4e84-b508-3424a4c489d5', '08b0585a-b2ae-4d31-870b-5b7cab48a58e', 'Mediastinum', FALSE, 4, '2026-07-06 11:47:46.405286', NULL);
INSERT INTO "QuizOptions" ("Id", "QuestionId", "OptionText", "IsCorrect", "SortOrder", "CreatedAt", "UpdatedAt") VALUES ('7737671d-939f-4752-befd-52367b6be420', '08b0585a-b2ae-4d31-870b-5b7cab48a58e', 'Peritoneal cavity', FALSE, 3, '2026-07-06 11:47:46.405285', NULL);
INSERT INTO "QuizOptions" ("Id", "QuestionId", "OptionText", "IsCorrect", "SortOrder", "CreatedAt", "UpdatedAt") VALUES ('77faf438-9e43-45e6-92ec-98bc18ea1c19', '0c3ad236-931c-4870-90a6-2807cab46d8e', 'Transitional epithelium', TRUE, 3, '2026-07-06 11:47:46.405255', NULL);
INSERT INTO "QuizOptions" ("Id", "QuestionId", "OptionText", "IsCorrect", "SortOrder", "CreatedAt", "UpdatedAt") VALUES ('add6a1d3-7648-4580-9272-557061c848f9', '08b0585a-b2ae-4d31-870b-5b7cab48a58e', 'Pleural cavity', TRUE, 2, '2026-07-06 11:47:46.405284', NULL);
INSERT INTO "QuizOptions" ("Id", "QuestionId", "OptionText", "IsCorrect", "SortOrder", "CreatedAt", "UpdatedAt") VALUES ('cda050a6-ce3b-485d-ab93-208a1b05b459', '0c3ad236-931c-4870-90a6-2807cab46d8e', 'Simple squamous epithelium', FALSE, 1, '2026-07-06 11:47:46.404957', NULL);
INSERT INTO "QuizOptions" ("Id", "QuestionId", "OptionText", "IsCorrect", "SortOrder", "CreatedAt", "UpdatedAt") VALUES ('e23ff826-f6bc-495c-ab1d-a0f2fedb04c7', '08b0585a-b2ae-4d31-870b-5b7cab48a58e', 'Pericardial cavity', FALSE, 1, '2026-07-06 11:47:46.405284', NULL);
INSERT INTO "QuizOptions" ("Id", "QuestionId", "OptionText", "IsCorrect", "SortOrder", "CreatedAt", "UpdatedAt") VALUES ('016ee7c0-05f9-4316-8d6e-5b614325a3a1', 'c01992f2-1a2d-4803-9d5b-55387b79f95b', '212', FALSE, 3, '2026-07-07 05:23:07.439048', NULL);
INSERT INTO "QuizOptions" ("Id", "QuestionId", "OptionText", "IsCorrect", "SortOrder", "CreatedAt", "UpdatedAt") VALUES ('0800763e-b451-4c97-b19e-92acd9ebedc1', 'c01992f2-1a2d-4803-9d5b-55387b79f95b', '220', FALSE, 4, '2026-07-07 05:23:07.439048', NULL);
INSERT INTO "QuizOptions" ("Id", "QuestionId", "OptionText", "IsCorrect", "SortOrder", "CreatedAt", "UpdatedAt") VALUES ('0b9525c3-0d44-43a9-b681-fda449c26bf7', 'c01992f2-1a2d-4803-9d5b-55387b79f95b', '198', FALSE, 1, '2026-07-07 05:23:07.439048', NULL);
INSERT INTO "QuizOptions" ("Id", "QuestionId", "OptionText", "IsCorrect", "SortOrder", "CreatedAt", "UpdatedAt") VALUES ('cc19ab9b-22e9-46cc-a79d-638490578b78', '997d81ec-173a-4404-ac7f-8ad2e9c1f415', 'Liver', FALSE, 1, '2026-07-07 05:23:07.438871', NULL);
INSERT INTO "QuizOptions" ("Id", "QuestionId", "OptionText", "IsCorrect", "SortOrder", "CreatedAt", "UpdatedAt") VALUES ('d9cc4c0e-0443-45fe-b03a-1af9118eca5b', '997d81ec-173a-4404-ac7f-8ad2e9c1f415', 'Lungs', FALSE, 4, '2026-07-07 05:23:07.439043', NULL);
INSERT INTO "QuizOptions" ("Id", "QuestionId", "OptionText", "IsCorrect", "SortOrder", "CreatedAt", "UpdatedAt") VALUES ('e198b36c-0c77-40d6-a8f1-7815f7309749', 'c01992f2-1a2d-4803-9d5b-55387b79f95b', '206', TRUE, 2, '2026-07-07 05:23:07.439048', NULL);
INSERT INTO "QuizOptions" ("Id", "QuestionId", "OptionText", "IsCorrect", "SortOrder", "CreatedAt", "UpdatedAt") VALUES ('ee7c8dd8-5770-4ca0-ae61-bd8598e5afa1', '997d81ec-173a-4404-ac7f-8ad2e9c1f415', 'Brain', FALSE, 2, '2026-07-07 05:23:07.439041', NULL);
INSERT INTO "QuizOptions" ("Id", "QuestionId", "OptionText", "IsCorrect", "SortOrder", "CreatedAt", "UpdatedAt") VALUES ('f13b3f33-eda4-4add-af85-acdcf858a3c9', '997d81ec-173a-4404-ac7f-8ad2e9c1f415', 'Skin', TRUE, 3, '2026-07-07 05:23:07.439043', NULL);

-- Table: QuizQuestions (9 rows)
INSERT INTO "QuizQuestions" ("Id", "QuizId", "QuestionText", "SortOrder", "Points", "CreatedAt", "UpdatedAt") VALUES ('b2c70f2b-9efd-4842-a319-0d6f63566e28', 'cc380fef-03b9-4cda-99d9-39fe4f328061', 'What is the primary purpose of cardiovascular assessment?', 1, 1, '2026-07-05 06:19:53.094377', NULL);
INSERT INTO "QuizQuestions" ("Id", "QuizId", "QuestionText", "SortOrder", "Points", "CreatedAt", "UpdatedAt") VALUES ('5c8fdc39-1d06-429b-951e-44b3e9460c36', 'b00844e6-3ccb-4288-a7b7-4a6a38f49b7d', 'What is the normal body temperature in adults?', 1, 1, '2026-07-06 09:17:25.801234', NULL);
INSERT INTO "QuizQuestions" ("Id", "QuizId", "QuestionText", "SortOrder", "Points", "CreatedAt", "UpdatedAt") VALUES ('c37ff075-d1f3-404a-a7f9-d6ff64b0c459', 'b00844e6-3ccb-4288-a7b7-4a6a38f49b7d', 'Which pulse site is commonly used during CPR in adults?', 2, 1, '2026-07-06 09:17:25.802463', NULL);
INSERT INTO "QuizQuestions" ("Id", "QuizId", "QuestionText", "SortOrder", "Points", "CreatedAt", "UpdatedAt") VALUES ('340d3e6a-b023-4438-a9f7-c0905add4d5d', '21e4504a-9f7a-4ef8-9137-60d7e82a7184', 'Which type of browning reaction occurs when sugar is heated at high temperatures in the absence of amino acids?', 2, 1, '2026-07-06 10:13:06.412874', NULL);
INSERT INTO "QuizQuestions" ("Id", "QuizId", "QuestionText", "SortOrder", "Points", "CreatedAt", "UpdatedAt") VALUES ('ad8f6e6e-f84c-43b4-9f30-6ba45f0f72f8', '21e4504a-9f7a-4ef8-9137-60d7e82a7184', 'What is the primary site for the absorption of nutrients in the human gastrointestinal tract?', 1, 1, '2026-07-06 10:13:06.412393', NULL);
INSERT INTO "QuizQuestions" ("Id", "QuizId", "QuestionText", "SortOrder", "Points", "CreatedAt", "UpdatedAt") VALUES ('08b0585a-b2ae-4d31-870b-5b7cab48a58e', 'a6236fa1-0c88-4766-abd0-3c3541d7c361', 'What is the name of the fluid-filled space that surrounds the lungs to prevent friction during breathing?', 2, 1, '2026-07-06 11:47:46.405283', NULL);
INSERT INTO "QuizQuestions" ("Id", "QuizId", "QuestionText", "SortOrder", "Points", "CreatedAt", "UpdatedAt") VALUES ('0c3ad236-931c-4870-90a6-2807cab46d8e', 'a6236fa1-0c88-4766-abd0-3c3541d7c361', 'Which type of epithelial tissue lines the urinary bladder and has the ability to stretch and change shape?', 1, 1, '2026-07-06 11:47:46.404249', NULL);
INSERT INTO "QuizQuestions" ("Id", "QuizId", "QuestionText", "SortOrder", "Points", "CreatedAt", "UpdatedAt") VALUES ('997d81ec-173a-4404-ac7f-8ad2e9c1f415', 'c6fc9211-1100-47c6-8cf7-2cb0282108ac', 'What is the largest organ in the human body?', 1, 1, '2026-07-07 05:23:07.438589', NULL);
INSERT INTO "QuizQuestions" ("Id", "QuizId", "QuestionText", "SortOrder", "Points", "CreatedAt", "UpdatedAt") VALUES ('c01992f2-1a2d-4803-9d5b-55387b79f95b', 'c6fc9211-1100-47c6-8cf7-2cb0282108ac', 'How many bones are there in an adult human body?', 2, 1, '2026-07-07 05:23:07.439047', NULL);

-- Table: Quizzes (5 rows)
INSERT INTO "Quizzes" ("Id", "ModuleId", "Title", "PassPercentage", "TimeLimitMinutes", "MaxAttempts", "CooldownHours", "IsActive", "CreatedAt", "UpdatedAt") VALUES ('cc380fef-03b9-4cda-99d9-39fe4f328061', '79a7ac9d-32c7-4c67-afb1-71880001e396', 'Cardiovascular Assessment Assessment', 60, 30, 3, 24, TRUE, '2026-07-05 06:19:53.094026', NULL);
INSERT INTO "Quizzes" ("Id", "ModuleId", "Title", "PassPercentage", "TimeLimitMinutes", "MaxAttempts", "CooldownHours", "IsActive", "CreatedAt", "UpdatedAt") VALUES ('b00844e6-3ccb-4288-a7b7-4a6a38f49b7d', 'c52558d9-6614-4214-9b13-f34c11b1270a', 'Introduction to Nursing Assessment', 60, 30, 3, 24, TRUE, '2026-07-06 09:17:25.732884', '2026-07-06 09:17:25.800416');
INSERT INTO "Quizzes" ("Id", "ModuleId", "Title", "PassPercentage", "TimeLimitMinutes", "MaxAttempts", "CooldownHours", "IsActive", "CreatedAt", "UpdatedAt") VALUES ('21e4504a-9f7a-4ef8-9137-60d7e82a7184', 'f5d62d8b-441c-4810-b8b0-6c7d576d089e', 'Core Fundamentals Assessment', 60, 30, 3, 24, TRUE, '2026-07-06 10:13:06.384511', '2026-07-06 10:13:06.412018');
INSERT INTO "Quizzes" ("Id", "ModuleId", "Title", "PassPercentage", "TimeLimitMinutes", "MaxAttempts", "CooldownHours", "IsActive", "CreatedAt", "UpdatedAt") VALUES ('a6236fa1-0c88-4766-abd0-3c3541d7c361', '124bc0da-cbbc-4acd-9c02-ae68707da03d', 'Applied Anatomy & Applied Physiology Assessment', 60, 30, 3, 24, TRUE, '2026-07-06 11:47:46.349603', '2026-07-06 11:47:46.403518');
INSERT INTO "Quizzes" ("Id", "ModuleId", "Title", "PassPercentage", "TimeLimitMinutes", "MaxAttempts", "CooldownHours", "IsActive", "CreatedAt", "UpdatedAt") VALUES ('c6fc9211-1100-47c6-8cf7-2cb0282108ac', '77c0b08e-ec6a-407d-bcf1-30d41ddaec19', '1st Module_Anatomy _SEM1 Assessment', 60, 30, 3, 24, TRUE, '2026-07-07 05:23:07.416244', '2026-07-07 05:23:07.438389');

-- Table: RotationAssignments (1 rows)
INSERT INTO "RotationAssignments" ("Id", "UniversityId", "RotationId", "StudentId", "Status", "AttendancePercent", "CompletedProcedureCount", "CompletedAt", "CreatedAt", "UpdatedAt") VALUES ('1beaa09d-be31-4a4c-90a0-767e59885bec', 'ff7d323e-1af5-4f1a-a685-6c701a4e2492', '82b25c65-bfe0-4c8a-b87b-019077a007ae', '76fb5737-0aa9-445e-b606-e471ffe2dc96', 2, 88, 0, NULL, '2026-07-05 07:02:17.750736', NULL);

-- Table: Rotations (1 rows)
INSERT INTO "Rotations" ("Id", "UniversityId", "HospitalDepartmentId", "CohortId", "Name", "StartDate", "EndDate", "WeeksDuration", "RequiredProcedureCount", "RequiredAttendancePercent", "Status", "CreatedAt", "UpdatedAt") VALUES ('82b25c65-bfe0-4c8a-b87b-019077a007ae', 'ff7d323e-1af5-4f1a-a685-6c701a4e2492', '3376fd2c-ed24-4b2d-942e-083d0b62d07d', 'ed8eaff1-7d1f-4cc8-9f3e-aff9719ef30f', 'Cardiology Posting — Batch A', '2026-06-21 00:00:00.000000', '2026-08-02 00:00:00.000000', 6, 5, 85, 2, '2026-07-05 07:02:17.626846', NULL);

-- Table: Semesters (13 rows)
INSERT INTO "Semesters" ("Id", "ProgrammeYearId", "SemesterNumber", "Name", "CreatedAt", "UpdatedAt") VALUES ('3fe61454-6da8-4529-9b9b-736c37340c51', 'eba5590f-706b-4d71-8051-ce44f18e5cd0', 2, 'Semester 2', '2026-07-05 06:19:52.271627', NULL);
INSERT INTO "Semesters" ("Id", "ProgrammeYearId", "SemesterNumber", "Name", "CreatedAt", "UpdatedAt") VALUES ('55ca569c-b4c7-45ef-9662-bad4de1f0c61', 'eba5590f-706b-4d71-8051-ce44f18e5cd0', 1, 'Semester 1', '2026-07-05 06:19:52.271624', NULL);
INSERT INTO "Semesters" ("Id", "ProgrammeYearId", "SemesterNumber", "Name", "CreatedAt", "UpdatedAt") VALUES ('6bb15732-89d9-40fd-96b8-6e215eda5282', 'cc7da6aa-4ea9-4f5c-b487-19affd941a83', 2, 'Semester 2', '2026-07-05 06:19:52.271477', NULL);
INSERT INTO "Semesters" ("Id", "ProgrammeYearId", "SemesterNumber", "Name", "CreatedAt", "UpdatedAt") VALUES ('7a10ca2e-72e2-456c-a84e-001e47efd0da', 'ff6e5255-8de0-44fe-be6c-1c12a5898ab4', 2, 'Semester 2', '2026-07-05 06:19:52.271634', NULL);
INSERT INTO "Semesters" ("Id", "ProgrammeYearId", "SemesterNumber", "Name", "CreatedAt", "UpdatedAt") VALUES ('8c1c8ff4-9129-4064-9faa-60678640a157', 'cc7da6aa-4ea9-4f5c-b487-19affd941a83', 1, 'Semester 1', '2026-07-05 06:19:52.270254', NULL);
INSERT INTO "Semesters" ("Id", "ProgrammeYearId", "SemesterNumber", "Name", "CreatedAt", "UpdatedAt") VALUES ('91bfd5fc-5f53-4e57-b4f6-630da15d79b4', 'ff6e5255-8de0-44fe-be6c-1c12a5898ab4', 1, 'Semester 1', '2026-07-05 06:19:52.271632', NULL);
INSERT INTO "Semesters" ("Id", "ProgrammeYearId", "SemesterNumber", "Name", "CreatedAt", "UpdatedAt") VALUES ('14efcd3b-2dc4-4e78-8269-b44e7fba7d51', 'c0ab224b-0a09-451c-af64-2e87901eae87', 1, 'Semester 1', '2026-07-06 06:29:45.322506', NULL);
INSERT INTO "Semesters" ("Id", "ProgrammeYearId", "SemesterNumber", "Name", "CreatedAt", "UpdatedAt") VALUES ('4f3f3c59-891a-42b0-9e41-48bd90aaa112', 'c0ab224b-0a09-451c-af64-2e87901eae87', 2, 'Semester 2', '2026-07-06 06:29:51.440177', NULL);
INSERT INTO "Semesters" ("Id", "ProgrammeYearId", "SemesterNumber", "Name", "CreatedAt", "UpdatedAt") VALUES ('b0de7cfe-9094-4847-b77f-cc8d161e32f1', 'a5b3fa63-5a51-4844-8107-481ffee05d72', 1, 'Semester 1', '2026-07-06 09:44:03.353744', NULL);
INSERT INTO "Semesters" ("Id", "ProgrammeYearId", "SemesterNumber", "Name", "CreatedAt", "UpdatedAt") VALUES ('4b906175-0b2b-4afc-b4b2-7dfc7ee74518', 'a5b3fa63-5a51-4844-8107-481ffee05d72', 2, 'Semester 2', '2026-07-06 09:44:07.666558', NULL);
INSERT INTO "Semesters" ("Id", "ProgrammeYearId", "SemesterNumber", "Name", "CreatedAt", "UpdatedAt") VALUES ('64c20a6a-ea24-44fe-82f0-e35057ca1fda', '203463e2-8341-4565-8650-72281f1ae066', 1, 'Semester 1', '2026-07-06 09:44:16.968231', NULL);
INSERT INTO "Semesters" ("Id", "ProgrammeYearId", "SemesterNumber", "Name", "CreatedAt", "UpdatedAt") VALUES ('6f5b24c6-4bbd-459a-8c0d-caf0f6ab9276', '203463e2-8341-4565-8650-72281f1ae066', 2, 'Semester 2', '2026-07-06 09:44:37.489512', NULL);
INSERT INTO "Semesters" ("Id", "ProgrammeYearId", "SemesterNumber", "Name", "CreatedAt", "UpdatedAt") VALUES ('082673b7-892b-49aa-b5da-739d36a97c38', '3defa55a-9a41-4276-ad65-833894251513', 1, 'Semester 1', '2026-07-07 04:49:51.704702', NULL);

-- Table: SignOffEscalations (0 rows)

-- Table: SisRosterSyncRecords (0 rows)

-- Table: SisRosterSyncRuns (37 rows)
INSERT INTO "SisRosterSyncRuns" ("Id", "UniversityId", "Status", "StartedAt", "CompletedAt", "RecordsProcessed", "RecordsAdded", "RecordsUpdated", "RecordsSuspended", "ErrorMessage", "CreatedAt", "UpdatedAt") VALUES ('fceca2cb-0b84-4dba-9f7e-97e93087b095', 'ff7d323e-1af5-4f1a-a685-6c701a4e2492', 3, '2026-07-05 07:04:18.161581', '2026-07-05 07:04:18.213810', 0, 0, 0, 0, 'SIS API not configured — placeholder mode', '2026-07-05 07:04:18.161612', NULL);
INSERT INTO "SisRosterSyncRuns" ("Id", "UniversityId", "Status", "StartedAt", "CompletedAt", "RecordsProcessed", "RecordsAdded", "RecordsUpdated", "RecordsSuspended", "ErrorMessage", "CreatedAt", "UpdatedAt") VALUES ('04103b62-671b-4367-a05d-8ef43cf262a8', 'ff7d323e-1af5-4f1a-a685-6c701a4e2492', 3, '2026-07-05 07:17:37.810283', '2026-07-05 07:17:38.054871', 0, 0, 0, 0, 'SIS API not configured — placeholder mode', '2026-07-05 07:17:37.810298', NULL);
INSERT INTO "SisRosterSyncRuns" ("Id", "UniversityId", "Status", "StartedAt", "CompletedAt", "RecordsProcessed", "RecordsAdded", "RecordsUpdated", "RecordsSuspended", "ErrorMessage", "CreatedAt", "UpdatedAt") VALUES ('a3c3b427-0f25-4155-89aa-53514b0b9d3b', 'ff7d323e-1af5-4f1a-a685-6c701a4e2492', 3, '2026-07-06 04:51:38.804077', '2026-07-06 04:51:39.121018', 0, 0, 0, 0, 'SIS API not configured — placeholder mode', '2026-07-06 04:51:38.804107', NULL);
INSERT INTO "SisRosterSyncRuns" ("Id", "UniversityId", "Status", "StartedAt", "CompletedAt", "RecordsProcessed", "RecordsAdded", "RecordsUpdated", "RecordsSuspended", "ErrorMessage", "CreatedAt", "UpdatedAt") VALUES ('1b74a8c7-03e5-46ed-b501-50625bd41f6a', 'ff7d323e-1af5-4f1a-a685-6c701a4e2492', 3, '2026-07-06 04:58:12.595578', '2026-07-06 04:58:12.889094', 0, 0, 0, 0, 'SIS API not configured — placeholder mode', '2026-07-06 04:58:12.595596', NULL);
INSERT INTO "SisRosterSyncRuns" ("Id", "UniversityId", "Status", "StartedAt", "CompletedAt", "RecordsProcessed", "RecordsAdded", "RecordsUpdated", "RecordsSuspended", "ErrorMessage", "CreatedAt", "UpdatedAt") VALUES ('7df24274-3ebb-4db1-9289-604ecf1617b7', 'ff7d323e-1af5-4f1a-a685-6c701a4e2492', 3, '2026-07-06 06:03:56.769259', '2026-07-06 06:03:56.949869', 0, 0, 0, 0, 'SIS API not configured — placeholder mode', '2026-07-06 06:03:56.769273', NULL);
INSERT INTO "SisRosterSyncRuns" ("Id", "UniversityId", "Status", "StartedAt", "CompletedAt", "RecordsProcessed", "RecordsAdded", "RecordsUpdated", "RecordsSuspended", "ErrorMessage", "CreatedAt", "UpdatedAt") VALUES ('2d406c54-784b-41ef-a3c3-8500d87beed6', 'ff7d323e-1af5-4f1a-a685-6c701a4e2492', 3, '2026-07-06 07:39:30.516169', '2026-07-06 07:39:31.176789', 0, 0, 0, 0, 'SIS API not configured — placeholder mode', '2026-07-06 07:39:30.516211', NULL);
INSERT INTO "SisRosterSyncRuns" ("Id", "UniversityId", "Status", "StartedAt", "CompletedAt", "RecordsProcessed", "RecordsAdded", "RecordsUpdated", "RecordsSuspended", "ErrorMessage", "CreatedAt", "UpdatedAt") VALUES ('be4a9dab-53cb-4503-b338-fd972cba9ef5', 'ff7d323e-1af5-4f1a-a685-6c701a4e2492', 3, '2026-07-06 07:57:45.497845', '2026-07-06 07:57:45.830656', 0, 0, 0, 0, 'SIS API not configured — placeholder mode', '2026-07-06 07:57:45.497868', NULL);
INSERT INTO "SisRosterSyncRuns" ("Id", "UniversityId", "Status", "StartedAt", "CompletedAt", "RecordsProcessed", "RecordsAdded", "RecordsUpdated", "RecordsSuspended", "ErrorMessage", "CreatedAt", "UpdatedAt") VALUES ('27f7e9b7-68cd-492c-8ba9-058c6ad5e163', 'ff7d323e-1af5-4f1a-a685-6c701a4e2492', 3, '2026-07-06 08:44:12.637317', '2026-07-06 08:44:12.685239', 0, 0, 0, 0, 'SIS API not configured — placeholder mode', '2026-07-06 08:44:12.637334', NULL);
INSERT INTO "SisRosterSyncRuns" ("Id", "UniversityId", "Status", "StartedAt", "CompletedAt", "RecordsProcessed", "RecordsAdded", "RecordsUpdated", "RecordsSuspended", "ErrorMessage", "CreatedAt", "UpdatedAt") VALUES ('8f2c885f-7d07-4839-9bcd-b6c0b014e6a9', 'ff7d323e-1af5-4f1a-a685-6c701a4e2492', 3, '2026-07-06 09:02:52.024744', '2026-07-06 09:02:52.200923', 0, 0, 0, 0, 'SIS API not configured — placeholder mode', '2026-07-06 09:02:52.024766', NULL);
INSERT INTO "SisRosterSyncRuns" ("Id", "UniversityId", "Status", "StartedAt", "CompletedAt", "RecordsProcessed", "RecordsAdded", "RecordsUpdated", "RecordsSuspended", "ErrorMessage", "CreatedAt", "UpdatedAt") VALUES ('b389c31e-aef8-4e6d-947e-2522a2fa2ee6', 'ff7d323e-1af5-4f1a-a685-6c701a4e2492', 3, '2026-07-06 09:15:46.524880', '2026-07-06 09:15:46.966853', 0, 0, 0, 0, 'SIS API not configured — placeholder mode', '2026-07-06 09:15:46.524913', NULL);
INSERT INTO "SisRosterSyncRuns" ("Id", "UniversityId", "Status", "StartedAt", "CompletedAt", "RecordsProcessed", "RecordsAdded", "RecordsUpdated", "RecordsSuspended", "ErrorMessage", "CreatedAt", "UpdatedAt") VALUES ('855cb08d-17b5-4d5c-95b8-32e0730e01d2', 'ff7d323e-1af5-4f1a-a685-6c701a4e2492', 3, '2026-07-06 09:41:42.006403', '2026-07-06 09:41:43.709118', 0, 0, 0, 0, 'SIS API not configured — placeholder mode', '2026-07-06 09:41:42.006465', NULL);
INSERT INTO "SisRosterSyncRuns" ("Id", "UniversityId", "Status", "StartedAt", "CompletedAt", "RecordsProcessed", "RecordsAdded", "RecordsUpdated", "RecordsSuspended", "ErrorMessage", "CreatedAt", "UpdatedAt") VALUES ('9dc96fba-a4d9-475f-b7b5-6999ccca2cbd', 'ff7d323e-1af5-4f1a-a685-6c701a4e2492', 3, '2026-07-06 10:07:03.742852', '2026-07-06 10:07:03.894062', 0, 0, 0, 0, 'SIS API not configured — placeholder mode', '2026-07-06 10:07:03.742863', NULL);
INSERT INTO "SisRosterSyncRuns" ("Id", "UniversityId", "Status", "StartedAt", "CompletedAt", "RecordsProcessed", "RecordsAdded", "RecordsUpdated", "RecordsSuspended", "ErrorMessage", "CreatedAt", "UpdatedAt") VALUES ('77ceb4d0-b61e-4e5b-9cca-d83153f561cc', 'ff7d323e-1af5-4f1a-a685-6c701a4e2492', 3, '2026-07-06 10:21:20.844738', '2026-07-06 10:21:20.935952', 0, 0, 0, 0, 'SIS API not configured — placeholder mode', '2026-07-06 10:21:20.844760', NULL);
INSERT INTO "SisRosterSyncRuns" ("Id", "UniversityId", "Status", "StartedAt", "CompletedAt", "RecordsProcessed", "RecordsAdded", "RecordsUpdated", "RecordsSuspended", "ErrorMessage", "CreatedAt", "UpdatedAt") VALUES ('f1630bc3-8fc1-4077-8f14-0c847007c9e2', 'ff7d323e-1af5-4f1a-a685-6c701a4e2492', 3, '2026-07-06 10:30:28.991531', '2026-07-06 10:30:29.165404', 0, 0, 0, 0, 'SIS API not configured — placeholder mode', '2026-07-06 10:30:28.991572', NULL);
INSERT INTO "SisRosterSyncRuns" ("Id", "UniversityId", "Status", "StartedAt", "CompletedAt", "RecordsProcessed", "RecordsAdded", "RecordsUpdated", "RecordsSuspended", "ErrorMessage", "CreatedAt", "UpdatedAt") VALUES ('e901af01-a826-40a1-98f6-2e02dd3adf61', 'ff7d323e-1af5-4f1a-a685-6c701a4e2492', 3, '2026-07-06 10:56:04.945821', '2026-07-06 10:56:05.051236', 0, 0, 0, 0, 'SIS API not configured — placeholder mode', '2026-07-06 10:56:04.945833', NULL);
INSERT INTO "SisRosterSyncRuns" ("Id", "UniversityId", "Status", "StartedAt", "CompletedAt", "RecordsProcessed", "RecordsAdded", "RecordsUpdated", "RecordsSuspended", "ErrorMessage", "CreatedAt", "UpdatedAt") VALUES ('5410987f-9408-4afa-adb9-0dd2d2f27cd3', '2c3eb180-4c88-4698-8832-5a3940efc556', 3, '2026-07-06 10:56:05.068557', '2026-07-06 10:56:05.076847', 0, 0, 0, 0, 'SIS API not configured — placeholder mode', '2026-07-06 10:56:05.068578', NULL);
INSERT INTO "SisRosterSyncRuns" ("Id", "UniversityId", "Status", "StartedAt", "CompletedAt", "RecordsProcessed", "RecordsAdded", "RecordsUpdated", "RecordsSuspended", "ErrorMessage", "CreatedAt", "UpdatedAt") VALUES ('f1043846-78af-463a-8381-580d2b5e9616', 'ff7d323e-1af5-4f1a-a685-6c701a4e2492', 3, '2026-07-06 11:03:14.823219', '2026-07-06 11:03:15.112857', 0, 0, 0, 0, 'SIS API not configured — placeholder mode', '2026-07-06 11:03:14.823241', NULL);
INSERT INTO "SisRosterSyncRuns" ("Id", "UniversityId", "Status", "StartedAt", "CompletedAt", "RecordsProcessed", "RecordsAdded", "RecordsUpdated", "RecordsSuspended", "ErrorMessage", "CreatedAt", "UpdatedAt") VALUES ('098f0191-9698-4ce6-b5e5-9059acd2bc36', '2c3eb180-4c88-4698-8832-5a3940efc556', 3, '2026-07-06 11:03:15.134834', '2026-07-06 11:03:15.142952', 0, 0, 0, 0, 'SIS API not configured — placeholder mode', '2026-07-06 11:03:15.134839', NULL);
INSERT INTO "SisRosterSyncRuns" ("Id", "UniversityId", "Status", "StartedAt", "CompletedAt", "RecordsProcessed", "RecordsAdded", "RecordsUpdated", "RecordsSuspended", "ErrorMessage", "CreatedAt", "UpdatedAt") VALUES ('5749dc7e-d5b6-4176-b9b0-faa625a87c77', 'ff7d323e-1af5-4f1a-a685-6c701a4e2492', 3, '2026-07-06 11:38:34.968395', '2026-07-06 11:38:35.766905', 0, 0, 0, 0, 'SIS API not configured — placeholder mode', '2026-07-06 11:38:34.968421', NULL);
INSERT INTO "SisRosterSyncRuns" ("Id", "UniversityId", "Status", "StartedAt", "CompletedAt", "RecordsProcessed", "RecordsAdded", "RecordsUpdated", "RecordsSuspended", "ErrorMessage", "CreatedAt", "UpdatedAt") VALUES ('8957cdbd-a7df-426e-beb7-7c60001d861c', '2c3eb180-4c88-4698-8832-5a3940efc556', 3, '2026-07-06 11:38:35.799228', '2026-07-06 11:38:35.813119', 0, 0, 0, 0, 'SIS API not configured — placeholder mode', '2026-07-06 11:38:35.799233', NULL);
INSERT INTO "SisRosterSyncRuns" ("Id", "UniversityId", "Status", "StartedAt", "CompletedAt", "RecordsProcessed", "RecordsAdded", "RecordsUpdated", "RecordsSuspended", "ErrorMessage", "CreatedAt", "UpdatedAt") VALUES ('8aea816e-1a0a-4eda-bee4-56e468388d3a', 'ff7d323e-1af5-4f1a-a685-6c701a4e2492', 3, '2026-07-06 12:44:38.332705', '2026-07-06 12:44:38.947529', 0, 0, 0, 0, 'SIS API not configured — placeholder mode', '2026-07-06 12:44:38.332755', NULL);
INSERT INTO "SisRosterSyncRuns" ("Id", "UniversityId", "Status", "StartedAt", "CompletedAt", "RecordsProcessed", "RecordsAdded", "RecordsUpdated", "RecordsSuspended", "ErrorMessage", "CreatedAt", "UpdatedAt") VALUES ('bc20bd9a-72a2-4ab4-b8c8-b798bfb4707e', '2c3eb180-4c88-4698-8832-5a3940efc556', 3, '2026-07-06 12:44:38.988877', '2026-07-06 12:44:39.002030', 0, 0, 0, 0, 'SIS API not configured — placeholder mode', '2026-07-06 12:44:38.988883', NULL);
INSERT INTO "SisRosterSyncRuns" ("Id", "UniversityId", "Status", "StartedAt", "CompletedAt", "RecordsProcessed", "RecordsAdded", "RecordsUpdated", "RecordsSuspended", "ErrorMessage", "CreatedAt", "UpdatedAt") VALUES ('5a173843-5aaf-4771-a708-e220a3380052', 'ff7d323e-1af5-4f1a-a685-6c701a4e2492', 3, '2026-07-06 13:56:10.299948', '2026-07-06 13:56:10.444867', 0, 0, 0, 0, 'SIS API not configured — placeholder mode', '2026-07-06 13:56:10.299959', NULL);
INSERT INTO "SisRosterSyncRuns" ("Id", "UniversityId", "Status", "StartedAt", "CompletedAt", "RecordsProcessed", "RecordsAdded", "RecordsUpdated", "RecordsSuspended", "ErrorMessage", "CreatedAt", "UpdatedAt") VALUES ('100dfbda-b1df-445b-a44e-30ca5a824cf1', '2c3eb180-4c88-4698-8832-5a3940efc556', 3, '2026-07-06 13:56:10.461237', '2026-07-06 13:56:10.465369', 0, 0, 0, 0, 'SIS API not configured — placeholder mode', '2026-07-06 13:56:10.461240', NULL);
INSERT INTO "SisRosterSyncRuns" ("Id", "UniversityId", "Status", "StartedAt", "CompletedAt", "RecordsProcessed", "RecordsAdded", "RecordsUpdated", "RecordsSuspended", "ErrorMessage", "CreatedAt", "UpdatedAt") VALUES ('89e67355-ffa2-4fae-8ec7-e674788d3895', 'cdfa0ea3-934b-4189-a31f-9110135626e8', 3, '2026-07-06 13:56:10.467037', '2026-07-06 13:56:10.468877', 0, 0, 0, 0, 'SIS API not configured — placeholder mode', '2026-07-06 13:56:10.467042', NULL);
INSERT INTO "SisRosterSyncRuns" ("Id", "UniversityId", "Status", "StartedAt", "CompletedAt", "RecordsProcessed", "RecordsAdded", "RecordsUpdated", "RecordsSuspended", "ErrorMessage", "CreatedAt", "UpdatedAt") VALUES ('5f1031ca-d721-45dd-b176-152050feacdd', 'ff7d323e-1af5-4f1a-a685-6c701a4e2492', 3, '2026-07-06 14:14:06.887013', '2026-07-06 14:14:06.950381', 0, 0, 0, 0, 'SIS API not configured — placeholder mode', '2026-07-06 14:14:06.887032', NULL);
INSERT INTO "SisRosterSyncRuns" ("Id", "UniversityId", "Status", "StartedAt", "CompletedAt", "RecordsProcessed", "RecordsAdded", "RecordsUpdated", "RecordsSuspended", "ErrorMessage", "CreatedAt", "UpdatedAt") VALUES ('94709ba9-da54-4191-ae61-e04167e3e56b', '2c3eb180-4c88-4698-8832-5a3940efc556', 3, '2026-07-06 14:14:06.958652', '2026-07-06 14:14:06.961668', 0, 0, 0, 0, 'SIS API not configured — placeholder mode', '2026-07-06 14:14:06.958656', NULL);
INSERT INTO "SisRosterSyncRuns" ("Id", "UniversityId", "Status", "StartedAt", "CompletedAt", "RecordsProcessed", "RecordsAdded", "RecordsUpdated", "RecordsSuspended", "ErrorMessage", "CreatedAt", "UpdatedAt") VALUES ('8c4a2993-7a61-4d67-bdde-2f2cf66ecbe0', 'cdfa0ea3-934b-4189-a31f-9110135626e8', 3, '2026-07-06 14:14:06.963025', '2026-07-06 14:14:06.966845', 0, 0, 0, 0, 'SIS API not configured — placeholder mode', '2026-07-06 14:14:06.963029', NULL);
INSERT INTO "SisRosterSyncRuns" ("Id", "UniversityId", "Status", "StartedAt", "CompletedAt", "RecordsProcessed", "RecordsAdded", "RecordsUpdated", "RecordsSuspended", "ErrorMessage", "CreatedAt", "UpdatedAt") VALUES ('1b09fe6b-267d-4114-96c8-49b0889391e7', 'ff7d323e-1af5-4f1a-a685-6c701a4e2492', 3, '2026-07-07 04:31:22.352571', '2026-07-07 04:31:23.050900', 0, 0, 0, 0, 'SIS API not configured — placeholder mode', '2026-07-07 04:31:22.352593', NULL);
INSERT INTO "SisRosterSyncRuns" ("Id", "UniversityId", "Status", "StartedAt", "CompletedAt", "RecordsProcessed", "RecordsAdded", "RecordsUpdated", "RecordsSuspended", "ErrorMessage", "CreatedAt", "UpdatedAt") VALUES ('72249512-70a1-43b8-bd72-3b8d93cc95f0', '2c3eb180-4c88-4698-8832-5a3940efc556', 3, '2026-07-07 04:31:23.097768', '2026-07-07 04:31:23.115268', 0, 0, 0, 0, 'SIS API not configured — placeholder mode', '2026-07-07 04:31:23.097774', NULL);
INSERT INTO "SisRosterSyncRuns" ("Id", "UniversityId", "Status", "StartedAt", "CompletedAt", "RecordsProcessed", "RecordsAdded", "RecordsUpdated", "RecordsSuspended", "ErrorMessage", "CreatedAt", "UpdatedAt") VALUES ('ec98b083-80ac-4b9a-88e5-1859192d06c7', 'cdfa0ea3-934b-4189-a31f-9110135626e8', 3, '2026-07-07 04:31:23.118184', '2026-07-07 04:31:23.121074', 0, 0, 0, 0, 'SIS API not configured — placeholder mode', '2026-07-07 04:31:23.118189', NULL);
INSERT INTO "SisRosterSyncRuns" ("Id", "UniversityId", "Status", "StartedAt", "CompletedAt", "RecordsProcessed", "RecordsAdded", "RecordsUpdated", "RecordsSuspended", "ErrorMessage", "CreatedAt", "UpdatedAt") VALUES ('4c78665b-22ce-4d15-8541-03fcaad869df', 'ff7d323e-1af5-4f1a-a685-6c701a4e2492', 3, '2026-07-07 05:03:17.031022', '2026-07-07 05:03:17.221697', 0, 0, 0, 0, 'SIS API not configured — placeholder mode', '2026-07-07 05:03:17.031032', NULL);
INSERT INTO "SisRosterSyncRuns" ("Id", "UniversityId", "Status", "StartedAt", "CompletedAt", "RecordsProcessed", "RecordsAdded", "RecordsUpdated", "RecordsSuspended", "ErrorMessage", "CreatedAt", "UpdatedAt") VALUES ('7b3785b4-76f7-4b6a-a929-d3d017c36ff7', '2c3eb180-4c88-4698-8832-5a3940efc556', 3, '2026-07-07 05:03:17.235381', '2026-07-07 05:03:17.239281', 0, 0, 0, 0, 'SIS API not configured — placeholder mode', '2026-07-07 05:03:17.235385', NULL);
INSERT INTO "SisRosterSyncRuns" ("Id", "UniversityId", "Status", "StartedAt", "CompletedAt", "RecordsProcessed", "RecordsAdded", "RecordsUpdated", "RecordsSuspended", "ErrorMessage", "CreatedAt", "UpdatedAt") VALUES ('137bf223-1760-4c5a-8514-14b204a3021b', 'cdfa0ea3-934b-4189-a31f-9110135626e8', 3, '2026-07-07 05:03:17.240734', '2026-07-07 05:03:17.244032', 0, 0, 0, 0, 'SIS API not configured — placeholder mode', '2026-07-07 05:03:17.240737', NULL);
INSERT INTO "SisRosterSyncRuns" ("Id", "UniversityId", "Status", "StartedAt", "CompletedAt", "RecordsProcessed", "RecordsAdded", "RecordsUpdated", "RecordsSuspended", "ErrorMessage", "CreatedAt", "UpdatedAt") VALUES ('ae217c51-0b0f-4e5a-963f-52d60f937bd9', 'ff7d323e-1af5-4f1a-a685-6c701a4e2492', 3, '2026-07-07 05:17:57.618651', '2026-07-07 05:17:57.677220', 0, 0, 0, 0, 'SIS API not configured — placeholder mode', '2026-07-07 05:17:57.618672', NULL);
INSERT INTO "SisRosterSyncRuns" ("Id", "UniversityId", "Status", "StartedAt", "CompletedAt", "RecordsProcessed", "RecordsAdded", "RecordsUpdated", "RecordsSuspended", "ErrorMessage", "CreatedAt", "UpdatedAt") VALUES ('ef1322b5-d642-45cd-8dcf-05f59e63689e', '2c3eb180-4c88-4698-8832-5a3940efc556', 3, '2026-07-07 05:17:57.683051', '2026-07-07 05:17:57.687507', 0, 0, 0, 0, 'SIS API not configured — placeholder mode', '2026-07-07 05:17:57.683055', NULL);
INSERT INTO "SisRosterSyncRuns" ("Id", "UniversityId", "Status", "StartedAt", "CompletedAt", "RecordsProcessed", "RecordsAdded", "RecordsUpdated", "RecordsSuspended", "ErrorMessage", "CreatedAt", "UpdatedAt") VALUES ('f9a29e7f-0255-4eed-9d37-36fb3603b048', 'cdfa0ea3-934b-4189-a31f-9110135626e8', 3, '2026-07-07 05:17:57.691585', '2026-07-07 05:17:57.694044', 0, 0, 0, 0, 'SIS API not configured — placeholder mode', '2026-07-07 05:17:57.691588', NULL);

-- Table: StudentEnrolments (6 rows)
INSERT INTO "StudentEnrolments" ("Id", "UniversityId", "StudentId", "CohortId", "Status", "ActivatedAt", "CreatedAt", "UpdatedAt", "CurrentSemester", "CurrentYear") VALUES ('d7e6265f-794b-471f-b9bb-1b20676888a7', 'ff7d323e-1af5-4f1a-a685-6c701a4e2492', '76fb5737-0aa9-445e-b606-e471ffe2dc96', 'ed8eaff1-7d1f-4cc8-9f3e-aff9719ef30f', 2, NULL, '2026-07-05 07:02:17.545355', NULL, 0, 0);
INSERT INTO "StudentEnrolments" ("Id", "UniversityId", "StudentId", "CohortId", "Status", "ActivatedAt", "CreatedAt", "UpdatedAt", "CurrentSemester", "CurrentYear") VALUES ('86137eae-a317-4544-9a2a-8e4ec3035c10', 'ff7d323e-1af5-4f1a-a685-6c701a4e2492', 'e6b6981f-3959-44a6-af41-4fcca0a3e828', 'ed8eaff1-7d1f-4cc8-9f3e-aff9719ef30f', 1, NULL, '2026-07-06 07:27:46.550156', NULL, 0, 0);
INSERT INTO "StudentEnrolments" ("Id", "UniversityId", "StudentId", "CohortId", "Status", "ActivatedAt", "CreatedAt", "UpdatedAt", "CurrentSemester", "CurrentYear") VALUES ('07219894-dccc-483b-9b88-06088efad037', 'ff7d323e-1af5-4f1a-a685-6c701a4e2492', '8d9e2351-107d-4b84-b0ff-a1ed9c530933', '8cfc92ad-71c7-40bd-b8f4-67ee3852dc7d', 2, '2026-07-06 07:40:53.500570', '2026-07-06 07:40:53.815605', '2026-07-06 09:53:39.467156', 0, 0);
INSERT INTO "StudentEnrolments" ("Id", "UniversityId", "StudentId", "CohortId", "Status", "ActivatedAt", "CreatedAt", "UpdatedAt", "CurrentSemester", "CurrentYear") VALUES ('1861a4f6-ac98-4792-90f9-c2aafe66a5aa', 'ff7d323e-1af5-4f1a-a685-6c701a4e2492', 'a8c71726-c64e-4bac-86e9-4a48bc0ffa60', '8cfc92ad-71c7-40bd-b8f4-67ee3852dc7d', 2, '2026-07-06 10:08:31.893724', '2026-07-06 10:08:32.092014', NULL, 0, 0);
INSERT INTO "StudentEnrolments" ("Id", "UniversityId", "StudentId", "CohortId", "Status", "ActivatedAt", "CreatedAt", "UpdatedAt", "CurrentSemester", "CurrentYear") VALUES ('509389c1-4233-4148-be32-59837ad4eabe', '2c3eb180-4c88-4698-8832-5a3940efc556', '7bfe1f79-9afe-4935-973b-6bfb5e9a170f', '4c547697-0727-4e7b-84e8-67539fb55e6f', 2, '2026-07-06 11:10:54.177646', '2026-07-06 11:10:54.278390', '2026-07-06 11:11:34.126234', 1, 1);
INSERT INTO "StudentEnrolments" ("Id", "UniversityId", "StudentId", "CohortId", "Status", "ActivatedAt", "CreatedAt", "UpdatedAt", "CurrentSemester", "CurrentYear") VALUES ('96e36340-26ea-4573-bfec-a46a9ee7891d', 'cdfa0ea3-934b-4189-a31f-9110135626e8', 'a7285de0-f597-4e85-9c2f-1d3ad9e450fc', '018ca9fa-f838-4bd2-8d2c-b397f6516aaa', 2, '2026-07-06 14:01:18.392484', '2026-07-06 14:01:18.558026', '2026-07-07 05:23:39.217769', 1, 1);

-- Table: Students (7 rows)
INSERT INTO "Students" ("Id", "UserId", "FirstName", "LastName", "CreatedAt", "UpdatedAt") VALUES ('76fb5737-0aa9-445e-b606-e471ffe2dc96', '8bd277db-e67a-477b-85d9-15782131fdf7', 'Arjun', 'Kumar', '2026-07-05 07:02:17.454946', NULL);
INSERT INTO "Students" ("Id", "UserId", "FirstName", "LastName", "CreatedAt", "UpdatedAt") VALUES ('e6b6981f-3959-44a6-af41-4fcca0a3e828', '5b11eb30-57de-4044-bee2-7fd1afbeb574', 'KishoreKumar', 'G', '2026-07-06 07:27:46.268871', NULL);
INSERT INTO "Students" ("Id", "UserId", "FirstName", "LastName", "CreatedAt", "UpdatedAt") VALUES ('8d9e2351-107d-4b84-b0ff-a1ed9c530933', 'fe2f6ff5-b4cf-4dba-a785-4d75c1471ba7', 'Maaran', 'P', '2026-07-06 07:40:53.464178', NULL);
INSERT INTO "Students" ("Id", "UserId", "FirstName", "LastName", "CreatedAt", "UpdatedAt") VALUES ('960dc472-87ff-4918-97ba-246a627d3c5e', '', 'Mujay', 'M', '2026-07-06 09:54:15.230151', NULL);
INSERT INTO "Students" ("Id", "UserId", "FirstName", "LastName", "CreatedAt", "UpdatedAt") VALUES ('a8c71726-c64e-4bac-86e9-4a48bc0ffa60', '491fe3b3-470f-4f6a-ae59-1d2dcc73221d', 'Mujay', 'M', '2026-07-06 10:08:32.054572', NULL);
INSERT INTO "Students" ("Id", "UserId", "FirstName", "LastName", "CreatedAt", "UpdatedAt") VALUES ('7bfe1f79-9afe-4935-973b-6bfb5e9a170f', 'd4117d14-1202-4977-b02b-652896b8fdea', 'PrasanaVenkatesh', 'V', '2026-07-06 11:10:54.271441', NULL);
INSERT INTO "Students" ("Id", "UserId", "FirstName", "LastName", "CreatedAt", "UpdatedAt") VALUES ('a7285de0-f597-4e85-9c2f-1d3ad9e450fc', 'cb043408-4c05-4b34-94b2-1850da370a83', 'Murali', 's', '2026-07-06 14:01:18.553172', NULL);

-- Table: SupervisorDelegations (0 rows)

-- Table: Supervisors (1 rows)
INSERT INTO "Supervisors" ("Id", "UniversityId", "UserId", "HospitalDepartmentId", "Title", "IsActive", "CreatedAt", "UpdatedAt") VALUES ('d2c22d3e-b2d5-4b02-86f7-9bb6da9f8b84', 'ff7d323e-1af5-4f1a-a685-6c701a4e2492', 'f5af28dd-b9ee-4e0e-8675-bc50535faa1e', '3376fd2c-ed24-4b2d-942e-083d0b62d07d', 'Clinical Supervisor', TRUE, '2026-07-05 07:02:17.134388', NULL);

-- Table: TenantIdpConfigs (1 rows)
INSERT INTO "TenantIdpConfigs" ("Id", "UniversityId", "ProviderType", "MetadataUrl", "ClientId", "ClientSecretPlaceholder", "AuthorityUrl", "IsEnabled", "CreatedAt", "UpdatedAt") VALUES ('9102d873-a744-43c9-873e-75766313ef6d', 'ff7d323e-1af5-4f1a-a685-6c701a4e2492', 2, 'https://PLACEHOLDER-meridian-idp.edu/saml/metadata', 'PLACEHOLDER_MERIDIAN_CLIENT_ID', 'PLACEHOLDER_MERIDIAN_CLIENT_SECRET', NULL, TRUE, '2026-07-05 07:02:16.408387', NULL);

-- Table: Universities (3 rows)
INSERT INTO "Universities" ("Id", "Name", "Domain", "IsActive", "CreatedAt", "UpdatedAt") VALUES ('ff7d323e-1af5-4f1a-a685-6c701a4e2492', 'Meridian University', 'meridian.edu', TRUE, '2026-07-05 06:19:52.866142', NULL);
INSERT INTO "Universities" ("Id", "Name", "Domain", "IsActive", "CreatedAt", "UpdatedAt") VALUES ('2c3eb180-4c88-4698-8832-5a3940efc556', 'MIT College', 'mit.edu', TRUE, '2026-07-06 10:55:14.414191', NULL);
INSERT INTO "Universities" ("Id", "Name", "Domain", "IsActive", "CreatedAt", "UpdatedAt") VALUES ('cdfa0ea3-934b-4189-a31f-9110135626e8', 'SRM University', 'srm.edu', TRUE, '2026-07-06 13:46:23.032011', NULL);

-- Table: UniversityProgrammes (8 rows)
INSERT INTO "UniversityProgrammes" ("Id", "UniversityId", "ProgrammeId", "CreatedAt", "UpdatedAt") VALUES ('33ea1fbd-a5ef-45dc-a3ff-cdbddf062a6a', 'ff7d323e-1af5-4f1a-a685-6c701a4e2492', 'f56e2f7f-fcc2-4ae0-8b68-ae4371ba31bb', '2026-07-06 08:43:48.449776', NULL);
INSERT INTO "UniversityProgrammes" ("Id", "UniversityId", "ProgrammeId", "CreatedAt", "UpdatedAt") VALUES ('3790547e-32fa-42fa-a555-ac765d0fd7d8', 'ff7d323e-1af5-4f1a-a685-6c701a4e2492', '4965bb3c-a14c-4042-892f-3d871b8d9543', '2026-07-06 08:43:48.469330', NULL);
INSERT INTO "UniversityProgrammes" ("Id", "UniversityId", "ProgrammeId", "CreatedAt", "UpdatedAt") VALUES ('3dda4d99-8c37-40bd-a61e-f941aee287a7', 'ff7d323e-1af5-4f1a-a685-6c701a4e2492', 'b6fb3916-2605-4c67-9c9b-112a6e9429a6', '2026-07-06 09:48:03.436385', NULL);
INSERT INTO "UniversityProgrammes" ("Id", "UniversityId", "ProgrammeId", "CreatedAt", "UpdatedAt") VALUES ('ea2f9470-43e1-4545-9f4d-9edc65a81aa8', '2c3eb180-4c88-4698-8832-5a3940efc556', 'b6fb3916-2605-4c67-9c9b-112a6e9429a6', '2026-07-06 10:55:14.438373', NULL);
INSERT INTO "UniversityProgrammes" ("Id", "UniversityId", "ProgrammeId", "CreatedAt", "UpdatedAt") VALUES ('7e4c4cb4-3fba-462b-86bf-af87f73100be', '2c3eb180-4c88-4698-8832-5a3940efc556', '4965bb3c-a14c-4042-892f-3d871b8d9543', '2026-07-06 11:08:47.679999', NULL);
INSERT INTO "UniversityProgrammes" ("Id", "UniversityId", "ProgrammeId", "CreatedAt", "UpdatedAt") VALUES ('fbf1525d-3d0f-4d69-8959-7c841098dab3', 'cdfa0ea3-934b-4189-a31f-9110135626e8', '4965bb3c-a14c-4042-892f-3d871b8d9543', '2026-07-06 14:00:07.187474', NULL);
INSERT INTO "UniversityProgrammes" ("Id", "UniversityId", "ProgrammeId", "CreatedAt", "UpdatedAt") VALUES ('c0e1096c-2f09-4218-bc57-9eb847ac5801', 'cdfa0ea3-934b-4189-a31f-9110135626e8', 'b35bb8ab-ea15-4b52-87a3-0a087ae5cebc', '2026-07-07 04:52:00.676186', NULL);
INSERT INTO "UniversityProgrammes" ("Id", "UniversityId", "ProgrammeId", "CreatedAt", "UpdatedAt") VALUES ('9c2c3b3d-cb76-48fa-bf35-9d8ec34c9657', '2c3eb180-4c88-4698-8832-5a3940efc556', 'b35bb8ab-ea15-4b52-87a3-0a087ae5cebc', '2026-07-07 05:17:22.487151', NULL);

-- Table: __EFMigrationsHistory (4 rows)
INSERT INTO "__EFMigrationsHistory" ("MigrationId", "ProductVersion") VALUES ('20260705061153_InitialCreate', '10.0.9');
INSERT INTO "__EFMigrationsHistory" ("MigrationId", "ProductVersion") VALUES ('20260705070121_Phase2ClinicalAndIntegrations', '10.0.9');
INSERT INTO "__EFMigrationsHistory" ("MigrationId", "ProductVersion") VALUES ('20260706093527_CertificateTemplate', '10.0.9');
INSERT INTO "__EFMigrationsHistory" ("MigrationId", "ProductVersion") VALUES ('20260706102735_StudentSemesterProgress', '10.0.9');

SET session_replication_role = DEFAULT;
